cve_entidad,cve_municipio,entidad,municipio,idh
1,1,Aguascalientes,Aguascalientes,0.789
1,2,Aguascalientes,Asientos,0.662
1,3,Aguascalientes,Calvillo,0.67
1,4,Aguascalientes,Cosío,0.7
1,5,Aguascalientes,Jesús María,0.723
1,6,Aguascalientes,Pabellón de Arteaga,0.74
1,7,Aguascalientes,Rincón de Romos,0.715
1,8,Aguascalientes,San José de Gracia,0.694
1,9,Aguascalientes,Tepezalá,0.675
1,10,Aguascalientes,El Llano,0.661
1,11,Aguascalientes,San Francisco de los Romo,0.717
2,1,Baja California,Ensenada,0.745
2,2,Baja California,Mexicali,0.781
2,3,Baja California,Tecate,0.776
2,4,Baja California,Tijuana,0.762
2,5,Baja California,Playas de Rosarito,0.744
3,1,Baja California Sur,Comondú,0.737
3,2,Baja California Sur,Mulegé,0.715
3,3,Baja California Sur,La Paz,0.816
3,8,Baja California Sur,Los Cabos,0.794
3,9,Baja California Sur,Loreto,0.734
4,1,Campeche,Calkiní,0.731
4,2,Campeche,Campeche,0.797
4,3,Campeche,Carmen,0.775
4,4,Campeche,Champotón,0.679
4,5,Campeche,Hecelchakán,0.736
4,6,Campeche,Hopelchén,0.647
4,7,Campeche,Palizada,0.686
4,8,Campeche,Tenabo,0.706
4,9,Campeche,Escárcega,0.67
4,10,Campeche,Calakmul,0.589
4,11,Campeche,Candelaria,0.63
5,1,Coahuila,Abasolo,0.711
5,2,Coahuila,Acuña,0.753
5,3,Coahuila,Allende,0.773
5,4,Coahuila,Arteaga,0.669
5,5,Coahuila,Candela,0.657
5,6,Coahuila,Castaños,0.76
5,7,Coahuila,Cuatro Ciénegas,0.725
5,8,Coahuila,Escobedo,0.687
5,9,Coahuila,Francisco I. Madero,0.719
5,10,Coahuila,Frontera,0.767
5,11,Coahuila,General Cepeda,0.674
5,12,Coahuila,Guerrero,0.652
5,13,Coahuila,Hidalgo,0.687
5,14,Coahuila,Jiménez,0.65
5,15,Coahuila,Juárez,0.671
5,16,Coahuila,Lamadrid,0.726
5,17,Coahuila,Matamoros,0.706
5,18,Coahuila,Monclova,0.806
5,19,Coahuila,Morelos,0.755
5,20,Coahuila,Múzquiz,0.735
5,21,Coahuila,Nadadores,0.744
5,22,Coahuila,Nava,0.734
5,23,Coahuila,Ocampo,0.688
5,24,Coahuila,Parras,0.737
5,25,Coahuila,Piedras Negras,0.777
5,26,Coahuila,Progreso,0.687
5,27,Coahuila,Ramos Arizpe,0.775
5,28,Coahuila,Sabinas,0.769
5,29,Coahuila,Sacramento,0.714
5,30,Coahuila,Saltillo,0.796
5,31,Coahuila,San Buenaventura,0.781
5,32,Coahuila,San Juan de Sabinas,0.782
5,33,Coahuila,San Pedro,0.713
5,34,Coahuila,Sierra Mojada,0.724
5,35,Coahuila,Torreón,0.795
5,36,Coahuila,Viesca,0.669
5,37,Coahuila,Villa Unión,0.709
5,38,Coahuila,Zaragoza,0.708
6,1,Colima,Armería,0.689
6,2,Colima,Colima,0.802
6,3,Colima,Comala,0.7
6,4,Colima,Coquimatlán,0.707
6,5,Colima,Cuauhtémoc,0.746
6,6,Colima,Ixtlahuacán,0.688
6,7,Colima,Manzanillo,0.767
6,8,Colima,Minatitlán,0.707
6,9,Colima,Tecomán,0.702
6,10,Colima,Villa de Álvarez,0.837
7,1,Chiapas,Acacoyagua,0.615
7,2,Chiapas,Acala,0.621
7,3,Chiapas,Acapetahua,0.618
7,4,Chiapas,Altamirano,0.548
7,5,Chiapas,Amatán,0.518
7,6,Chiapas,Amatenango de la Frontera,0.592
7,7,Chiapas,Amatenango del Valle,0.489
7,8,Chiapas,Angel Albino Corzo,0.588
7,9,Chiapas,Arriaga,0.686
7,10,Chiapas,Bejucal de Ocampo,0.564
7,11,Chiapas,Bella Vista,0.588
7,12,Chiapas,Berriozábal,0.617
7,13,Chiapas,Bochil,0.631
7,14,Chiapas,El Bosque,0.526
7,15,Chiapas,Cacahoatán,0.681
7,16,Chiapas,Catazajá,0.66
7,17,Chiapas,Cintalapa,0.66
7,18,Chiapas,Coapilla,0.584
7,19,Chiapas,Comitán de Domínguez,0.682
7,20,Chiapas,La Concordia,0.582
7,21,Chiapas,Copainalá,0.647
7,22,Chiapas,Chalchihuitán,0.496
7,23,Chiapas,Chamula,0.446
7,24,Chiapas,Chanal,0.548
7,25,Chiapas,Chapultenango,0.615
7,26,Chiapas,Chenalhó,0.515
7,27,Chiapas,Chiapa de Corzo,0.694
7,28,Chiapas,Chiapilla,0.583
7,29,Chiapas,Chicoasén,0.647
7,30,Chiapas,Chicomuselo,0.583
7,31,Chiapas,Chilón,0.532
7,32,Chiapas,Escuintla,0.619
7,33,Chiapas,Francisco León,0.534
7,34,Chiapas,Frontera Comalapa,0.631
7,35,Chiapas,Frontera Hidalgo,0.652
7,36,Chiapas,La Grandeza,0.599
7,37,Chiapas,Huehuetán,0.682
7,38,Chiapas,Huixtán,0.55
7,39,Chiapas,Huitiupán,0.524
7,40,Chiapas,Huixtla,0.7
7,41,Chiapas,La Independencia,0.538
7,42,Chiapas,Ixhuatán,0.58
7,43,Chiapas,Ixtacomitán,0.633
7,44,Chiapas,Ixtapa,0.586
7,45,Chiapas,Ixtapangajoya,0.579
7,46,Chiapas,Jiquipilas,0.666
7,47,Chiapas,Jitotol,0.56
7,48,Chiapas,Juárez,0.658
7,49,Chiapas,Larráinzar,0.524
7,50,Chiapas,La Libertad,0.666
7,51,Chiapas,Mapastepec,0.64
7,52,Chiapas,Las Margaritas,0.549
7,53,Chiapas,Mazapa de Madero,0.602
7,54,Chiapas,Mazatán,0.662
7,55,Chiapas,Metapa,0.666
7,56,Chiapas,Mitontic,0.448
7,57,Chiapas,Motozintla,0.626
7,58,Chiapas,Nicolás Ruíz,0.565
7,59,Chiapas,Ocosingo,0.595
7,60,Chiapas,Ocotepec,0.494
7,61,Chiapas,Ocozocoautla de Espinosa,0.607
7,62,Chiapas,Ostuacán,0.605
7,63,Chiapas,Osumacinta,0.639
7,64,Chiapas,Oxchuc,0.588
7,65,Chiapas,Palenque,0.63
7,66,Chiapas,Pantelhó,0.49
7,67,Chiapas,Pantepec,0.523
7,68,Chiapas,Pichucalco,0.697
7,69,Chiapas,Pijijiapan,0.61
7,70,Chiapas,El Porvenir,0.596
7,71,Chiapas,Villa Comaltitlán,0.616
7,72,Chiapas,Pueblo Nuevo Solistahuacán,0.562
7,73,Chiapas,Rayón,0.599
7,74,Chiapas,Reforma,0.732
7,75,Chiapas,Las Rosas,0.547
7,76,Chiapas,Sabanilla,0.521
7,77,Chiapas,Salto de Agua,0.578
7,78,Chiapas,San Cristóbal de las Casas,0.712
7,79,Chiapas,San Fernando,0.589
7,80,Chiapas,Siltepec,0.564
7,81,Chiapas,Simojovel,0.547
7,82,Chiapas,Sitalá,0.473
7,83,Chiapas,Socoltenango,0.574
7,84,Chiapas,Solosuchiapa,0.603
7,85,Chiapas,Soyaló,0.592
7,86,Chiapas,Suchiapa,0.664
7,87,Chiapas,Suchiate,0.618
7,88,Chiapas,Sunuapa,0.613
7,89,Chiapas,Tapachula,0.715
7,90,Chiapas,Tapalapa,0.581
7,91,Chiapas,Tapilula,0.638
7,92,Chiapas,Tecpatán,0.594
7,93,Chiapas,Tenejapa,0.511
7,94,Chiapas,Teopisca,0.545
7,96,Chiapas,Tila,0.535
7,97,Chiapas,Tonalá,0.679
7,98,Chiapas,Totolapa,0.538
7,99,Chiapas,La Trinitaria,0.565
7,100,Chiapas,Tumbalá,0.55
7,101,Chiapas,Tuxtla Gutiérrez,0.801
7,102,Chiapas,Tuxtla Chico,0.696
7,103,Chiapas,Tuzantán,0.614
7,104,Chiapas,Tzimol,0.572
7,105,Chiapas,Unión Juárez,0.67
7,106,Chiapas,Venustiano Carranza,0.573
7,107,Chiapas,Villa Corzo,0.63
7,108,Chiapas,Villaflores,0.651
7,109,Chiapas,Yajalón,0.608
7,110,Chiapas,San Lucas,0.519
7,111,Chiapas,Zinacantán,0.461
7,112,Chiapas,San Juan Cancuc,0.498
7,113,Chiapas,Aldama,0.517
7,114,Chiapas,Benemérito de las Américas,0.598
7,115,Chiapas,Maravilla Tenejapa,0.501
7,116,Chiapas,Marqués de Comillas,0.538
7,117,Chiapas,Montecristo de Guerrero,0.554
7,118,Chiapas,San Andrés Duraznal,0.51
7,119,Chiapas,Santiago el Pinar,0.499
8,1,Chihuahua,Ahumada,0.683
8,2,Chihuahua,Aldama,0.721
8,3,Chihuahua,Allende,0.724
8,4,Chihuahua,Aquiles Serdán,0.762
8,5,Chihuahua,Ascensión,0.629
8,6,Chihuahua,Bachíniva,0.683
8,7,Chihuahua,Balleza,0.424
8,8,Chihuahua,Batopilas,0.387
8,9,Chihuahua,Bocoyna,0.626
8,10,Chihuahua,Buenaventura,0.667
8,11,Chihuahua,Camargo,0.719
8,12,Chihuahua,Carichí,0.531
8,13,Chihuahua,Casas Grandes,0.694
8,14,Chihuahua,Coronado,0.683
8,15,Chihuahua,Coyame del Sotol,0.656
8,16,Chihuahua,La Cruz,0.699
8,17,Chihuahua,Cuauhtémoc,0.722
8,18,Chihuahua,Cusihuiriachi,0.651
8,19,Chihuahua,Chihuahua,0.806
8,20,Chihuahua,Chínipas,0.579
8,21,Chihuahua,Delicias,0.788
8,22,Chihuahua,Dr. Belisario Domínguez,0.665
8,23,Chihuahua,Galeana,0.691
8,24,Chihuahua,Santa Isabel,0.689
8,25,Chihuahua,Gómez Farías,0.7
8,26,Chihuahua,Gran Morelos,0.676
8,27,Chihuahua,Guachochi,0.527
8,28,Chihuahua,Guadalupe,0.582
8,29,Chihuahua,Guadalupe y Calvo,0.514
8,30,Chihuahua,Guazapares,0.567
8,31,Chihuahua,Guerrero,0.648
8,32,Chihuahua,Hidalgo del Parral,0.785
8,33,Chihuahua,Huejotitán,0.63
8,34,Chihuahua,Ignacio Zaragoza,0.674
8,35,Chihuahua,Janos,0.591
8,36,Chihuahua,Jiménez,0.748
8,37,Chihuahua,Juárez,0.753
8,38,Chihuahua,Julimes,0.673
8,39,Chihuahua,López,0.69
8,40,Chihuahua,Madera,0.675
8,41,Chihuahua,Maguarichi,0.498
8,42,Chihuahua,Manuel Benavides,0.626
8,43,Chihuahua,Matachí,0.674
8,44,Chihuahua,Matamoros,0.703
8,45,Chihuahua,Meoqui,0.723
8,46,Chihuahua,Morelos,0.495
8,47,Chihuahua,Moris,0.594
8,48,Chihuahua,Namiquipa,0.668
8,49,Chihuahua,Nonoava,0.627
8,50,Chihuahua,Nuevo Casas Grandes,0.759
8,51,Chihuahua,Ocampo,0.592
8,52,Chihuahua,Ojinaga,0.708
8,53,Chihuahua,Praxedis G. Guerrero,0.681
8,54,Chihuahua,Riva Palacio,0.632
8,55,Chihuahua,Rosales,0.707
8,56,Chihuahua,Rosario,0.619
8,57,Chihuahua,San Francisco de Borja,0.66
8,58,Chihuahua,San Francisco de Conchos,0.711
8,59,Chihuahua,San Francisco del Oro,0.738
8,60,Chihuahua,Santa Bárbara,0.727
8,61,Chihuahua,Satevó,0.583
8,62,Chihuahua,Saucillo,0.694
8,63,Chihuahua,Temósachic,0.635
8,64,Chihuahua,El Tule,0.643
8,65,Chihuahua,Urique,0.509
8,66,Chihuahua,Uruachi,0.544
8,67,Chihuahua,Valle de Zaragoza,0.65
9,2,Distrito Federal,Azcapotzalco,0.832
9,3,Distrito Federal,Coyoacán,0.867
9,4,Distrito Federal,Cuajimalpa de Morelos,0.825
9,5,Distrito Federal,Gustavo A. Madero,0.806
9,6,Distrito Federal,Iztacalco,0.822
9,7,Distrito Federal,Iztapalapa,0.783
9,8,Distrito Federal,La Magdalena Contreras,0.815
9,9,Distrito Federal,Milpa Alta,0.742
9,10,Distrito Federal,Álvaro Obregón,0.806
9,11,Distrito Federal,Tláhuac,0.78
9,12,Distrito Federal,Tlalpan,0.829
9,13,Distrito Federal,Xochimilco,0.814
9,14,Distrito Federal,Benito Juárez,0.917
9,15,Distrito Federal,Cuauhtémoc,0.848
9,16,Distrito Federal,Miguel Hidalgo,0.88
9,17,Distrito Federal,Venustiano Carranza,0.816
10,1,Durango,Canatlán,0.715
10,2,Durango,Canelas,0.575
10,3,Durango,Coneto de Comonfort,0.645
10,4,Durango,Cuencamé,0.696
10,5,Durango,Durango,0.777
10,6,Durango,General Simón Bolívar,0.619
10,7,Durango,Gómez Palacio,0.752
10,8,Durango,Guadalupe Victoria,0.694
10,9,Durango,Guanaceví,0.61
10,10,Durango,Hidalgo,0.687
10,11,Durango,Indé,0.648
10,12,Durango,Lerdo,0.752
10,13,Durango,Mapimí,0.68
10,14,Durango,Mezquital,0.536
10,15,Durango,Nazas,0.694
10,16,Durango,Nombre de Dios,0.672
10,17,Durango,Ocampo,0.693
10,18,Durango,El Oro,0.685
10,19,Durango,Otáez,0.576
10,20,Durango,Pánuco de Coronado,0.679
10,21,Durango,Peñón Blanco,0.685
10,22,Durango,Poanas,0.668
10,23,Durango,Pueblo Nuevo,0.645
10,24,Durango,Rodeo,0.702
10,25,Durango,San Bernardo,0.635
10,26,Durango,San Dimas,0.609
10,27,Durango,San Juan de Guadalupe,0.617
10,28,Durango,San Juan del Río,0.658
10,29,Durango,San Luis del Cordero,0.658
10,30,Durango,San Pedro del Gallo,0.633
10,31,Durango,Santa Clara,0.657
10,32,Durango,Santiago Papasquiaro,0.68
10,33,Durango,Súchil,0.663
10,34,Durango,Tamazula,0.587
10,35,Durango,Tepehuanes,0.641
10,36,Durango,Tlahualilo,0.715
10,37,Durango,Topia,0.584
10,38,Durango,Vicente Guerrero,0.696
10,39,Durango,Nuevo Ideal,0.629
11,1,Guanajuato,Abasolo,0.63
11,2,Guanajuato,Acámbaro,0.689
11,3,Guanajuato,San Miguel de Allende,0.669
11,4,Guanajuato,Apaseo el Alto,0.66
11,5,Guanajuato,Apaseo el Grande,0.681
11,6,Guanajuato,Atarjea,0.587
11,7,Guanajuato,Celaya,0.765
11,8,Guanajuato,Manuel Doblado,0.62
11,9,Guanajuato,Comonfort,0.669
11,10,Guanajuato,Coroneo,0.642
11,11,Guanajuato,Cortazar,0.698
11,12,Guanajuato,Cuerámaro,0.656
11,13,Guanajuato,Doctor Mora,0.64
11,14,Guanajuato,Dolores Hidalgo Cuna de la Independencia Nacional,0.639
11,15,Guanajuato,Guanajuato,0.774
11,16,Guanajuato,Huanímaro,0.654
11,17,Guanajuato,Irapuato,0.744
11,18,Guanajuato,Jaral del Progreso,0.697
11,19,Guanajuato,Jerécuaro,0.621
11,20,Guanajuato,León,0.748
11,21,Guanajuato,Moroleón,0.722
11,22,Guanajuato,Ocampo,0.607
11,23,Guanajuato,Pénjamo,0.652
11,24,Guanajuato,Pueblo Nuevo,0.656
11,25,Guanajuato,Purísima del Rincón,0.657
11,26,Guanajuato,Romita,0.633
11,27,Guanajuato,Salamanca,0.741
11,28,Guanajuato,Salvatierra,0.67
11,29,Guanajuato,San Diego de la Unión,0.597
11,30,Guanajuato,San Felipe,0.61
11,31,Guanajuato,San Francisco del Rincón,0.687
11,32,Guanajuato,San José Iturbide,0.699
11,33,Guanajuato,San Luis de la Paz,0.65
11,34,Guanajuato,Santa Catarina,0.621
11,35,Guanajuato,Santa Cruz de Juventino Rosas,0.64
11,36,Guanajuato,Santiago Maravatío,0.664
11,37,Guanajuato,Silao,0.668
11,38,Guanajuato,Tarandacuao,0.668
11,39,Guanajuato,Tarimoro,0.645
11,40,Guanajuato,Tierra Blanca,0.633
11,41,Guanajuato,Uriangato,0.696
11,42,Guanajuato,Valle de Santiago,0.662
11,43,Guanajuato,Victoria,0.614
11,44,Guanajuato,Villagrán,0.707
11,45,Guanajuato,Xichú,0.582
11,46,Guanajuato,Yuriria,0.67
12,1,Guerrero,Acapulco de Juárez,0.749
12,2,Guerrero,Ahuacuotzingo,0.492
12,3,Guerrero,Ajuchitlán del Progreso,0.604
12,4,Guerrero,Alcozauca de Guerrero,0.492
12,5,Guerrero,Alpoyeca,0.622
12,6,Guerrero,Apaxtla,0.645
12,7,Guerrero,Arcelia,0.687
12,8,Guerrero,Atenango del Río,0.565
12,9,Guerrero,Atlamajalcingo del Monte,0.559
12,10,Guerrero,Atlixtac,0.48
12,11,Guerrero,Atoyac de Álvarez,0.67
12,12,Guerrero,Ayutla de los Libres,0.56
12,13,Guerrero,Azoyú,0.635
12,14,Guerrero,Benito Juárez,0.702
12,15,Guerrero,Buenavista de Cuéllar,0.694
12,16,Guerrero,Coahuayutla de José María Izazaga,0.527
12,17,Guerrero,Cocula,0.658
12,18,Guerrero,Copala,0.639
12,19,Guerrero,Copalillo,0.518
12,20,Guerrero,Copanatoyac,0.498
12,21,Guerrero,Coyuca de Benítez,0.653
12,22,Guerrero,Coyuca de Catalán,0.607
12,23,Guerrero,Cuajinicuilapa,0.628
12,24,Guerrero,Cualác,0.592
12,25,Guerrero,Cuautepec,0.598
12,26,Guerrero,Cuetzala del Progreso,0.569
12,27,Guerrero,Cutzamala de Pinzón,0.598
12,28,Guerrero,Chilapa de Álvarez,0.551
12,29,Guerrero,Chilpancingo de los Bravo,0.768
12,30,Guerrero,Florencio Villarreal,0.665
12,31,Guerrero,General Canuto A. Neri,0.593
12,32,Guerrero,General Heliodoro Castillo,0.552
12,33,Guerrero,Huamuxtitlán,0.641
12,34,Guerrero,Huitzuco de los Figueroa,0.663
12,35,Guerrero,Iguala de la Independencia,0.76
12,36,Guerrero,Igualapa,0.6
12,37,Guerrero,Ixcateopan de Cuauhtémoc,0.637
12,38,Guerrero,Zihuatanejo de Azueta,0.723
12,39,Guerrero,Juan R. Escudero,0.655
12,40,Guerrero,Leonardo Bravo,0.591
12,41,Guerrero,Malinaltepec,0.581
12,42,Guerrero,Mártir de Cuilapan,0.521
12,43,Guerrero,Metlatónoc,0.447
12,44,Guerrero,Mochitlán,0.647
12,45,Guerrero,Olinalá,0.582
12,46,Guerrero,Ometepec,0.647
12,47,Guerrero,Pedro Ascencio Alquisiras,0.544
12,48,Guerrero,Petatlán,0.663
12,49,Guerrero,Pilcaya,0.657
12,50,Guerrero,Pungarabato,0.719
12,51,Guerrero,Quechultenango,0.555
12,52,Guerrero,San Luis Acatlán,0.579
12,53,Guerrero,San Marcos,0.629
12,54,Guerrero,San Miguel Totolapan,0.566
12,55,Guerrero,Taxco de Alarcón,0.709
12,56,Guerrero,Tecoanapa,0.614
12,57,Guerrero,Técpan de Galeana,0.658
12,58,Guerrero,Teloloapan,0.656
12,59,Guerrero,Tepecoacuilco de Trujano,0.656
12,60,Guerrero,Tetipac,0.593
12,61,Guerrero,Tixtla de Guerrero,0.689
12,62,Guerrero,Tlacoachistlahuaca,0.502
12,63,Guerrero,Tlacoapa,0.561
12,64,Guerrero,Tlalchapa,0.651
12,65,Guerrero,Tlalixtaquilla de Maldonado,0.53
12,66,Guerrero,Tlapa de Comonfort,0.646
12,67,Guerrero,Tlapehuala,0.684
12,68,Guerrero,La Unión de Isidoro Montes de Oca,0.613
12,69,Guerrero,Xalpatláhuac,0.516
12,70,Guerrero,Xochihuehuetlán,0.551
12,71,Guerrero,Xochistlahuaca,0.516
12,72,Guerrero,Zapotitlán Tablas,0.553
12,73,Guerrero,Zirándaro,0.549
12,74,Guerrero,Zitlala,0.517
12,75,Guerrero,Eduardo Neri,0.661
12,76,Guerrero,Acatepec,0.515
12,77,Guerrero,Marquelia,0.647
12,78,Guerrero,Cochoapa el Grande,0.362
12,79,Guerrero,José Joaquin de Herrera,0.438
12,80,Guerrero,Juchitán,0.615
12,81,Guerrero,Iliatenco,0.617
13,1,Hidalgo,Acatlán,0.62
13,2,Hidalgo,Acaxochitlán,0.57
13,3,Hidalgo,Actopan,0.743
13,4,Hidalgo,Agua Blanca de Iturbide,0.628
13,5,Hidalgo,Ajacuba,0.667
13,6,Hidalgo,Alfajayucan,0.669
13,7,Hidalgo,Almoloya,0.682
13,8,Hidalgo,Apan,0.68
13,9,Hidalgo,El Arenal,0.666
13,10,Hidalgo,Atitalaquia,0.72
13,11,Hidalgo,Atlapexco,0.647
13,12,Hidalgo,Atotonilco el Grande,0.684
13,13,Hidalgo,Atotonilco de Tula,0.742
13,14,Hidalgo,Calnali,0.558
13,15,Hidalgo,Cardonal,0.697
13,16,Hidalgo,Cuautepec de Hinojosa,0.657
13,17,Hidalgo,Chapantongo,0.617
13,18,Hidalgo,Chapulhuacán,0.615
13,19,Hidalgo,Chilcuautla,0.666
13,20,Hidalgo,Eloxochitlán,0.638
13,21,Hidalgo,Emiliano Zapata,0.718
13,22,Hidalgo,Epazoyucan,0.705
13,23,Hidalgo,Francisco I. Madero,0.737
13,24,Hidalgo,Huasca de Ocampo,0.672
13,25,Hidalgo,Huautla,0.643
13,26,Hidalgo,Huazalingo,0.583
13,27,Hidalgo,Huehuetla,0.57
13,28,Hidalgo,Huejutla de Reyes,0.696
13,29,Hidalgo,Huichapan,0.688
13,30,Hidalgo,Ixmiquilpan,0.724
13,31,Hidalgo,Jacala de Ledezma,0.67
13,32,Hidalgo,Jaltocán,0.624
13,33,Hidalgo,Juárez Hidalgo,0.637
13,34,Hidalgo,Lolotla,0.631
13,35,Hidalgo,Metepec,0.663
13,36,Hidalgo,San Agustín Metzquititlán,0.697
13,37,Hidalgo,Metztitlán,0.633
13,38,Hidalgo,Mineral del Chico,0.633
13,39,Hidalgo,Mineral del Monte,0.759
13,40,Hidalgo,La Misión,0.542
13,41,Hidalgo,Mixquiahuala de Juárez,0.708
13,42,Hidalgo,Molango de Escamilla,0.683
13,43,Hidalgo,Nicolás Flores,0.622
13,44,Hidalgo,Nopala de Villagrán,0.675
13,45,Hidalgo,Omitlán de Juárez,0.628
13,46,Hidalgo,San Felipe Orizatlán,0.61
13,47,Hidalgo,Pacula,0.592
13,48,Hidalgo,Pachuca de Soto,0.803
13,49,Hidalgo,Pisaflores,0.574
13,50,Hidalgo,Progreso de Obregón,0.746
13,51,Hidalgo,Mineral de la Reforma,0.822
13,52,Hidalgo,San Agustín Tlaxiaca,0.702
13,53,Hidalgo,San Bartolo Tutotepec,0.568
13,54,Hidalgo,San Salvador,0.735
13,55,Hidalgo,Santiago de Anaya,0.672
13,56,Hidalgo,Santiago Tulantepec de Lugo Guerrero,0.724
13,57,Hidalgo,Singuilucan,0.627
13,58,Hidalgo,Tasquillo,0.718
13,59,Hidalgo,Tecozautla,0.644
13,60,Hidalgo,Tenango de Doria,0.567
13,61,Hidalgo,Tepeapulco,0.757
13,62,Hidalgo,Tepehuacán de Guerrero,0.537
13,63,Hidalgo,Tepeji del Río de Ocampo,0.71
13,64,Hidalgo,Tepetitlán,0.676
13,65,Hidalgo,Tetepango,0.673
13,66,Hidalgo,Villa de Tezontepec,0.642
13,67,Hidalgo,Tezontepec de Aldama,0.697
13,68,Hidalgo,Tianguistengo,0.584
13,69,Hidalgo,Tizayuca,0.758
13,70,Hidalgo,Tlahuelilpan,0.708
13,71,Hidalgo,Tlahuiltepa,0.588
13,72,Hidalgo,Tlanalapa,0.748
13,73,Hidalgo,Tlanchinol,0.609
13,74,Hidalgo,Tlaxcoapan,0.724
13,75,Hidalgo,Tolcayuca,0.729
13,76,Hidalgo,Tula de Allende,0.748
13,77,Hidalgo,Tulancingo de Bravo,0.724
13,78,Hidalgo,Xochiatipan,0.567
13,79,Hidalgo,Xochicoatlán,0.615
13,80,Hidalgo,Yahualica,0.574
13,81,Hidalgo,Zacualtipán de Ángeles,0.697
13,82,Hidalgo,Zapotlán de Juárez,0.698
13,83,Hidalgo,Zempoala,0.713
13,84,Hidalgo,Zimapán,0.683
14,1,Jalisco,Acatic,0.649
14,2,Jalisco,Acatlán de Juárez,0.741
14,3,Jalisco,Ahualulco de Mercado,0.721
14,4,Jalisco,Amacueca,0.699
14,5,Jalisco,Amatitán,0.725
14,6,Jalisco,Ameca,0.721
14,7,Jalisco,San Juanito de Escobedo,0.696
14,8,Jalisco,Arandas,0.646
14,9,Jalisco,El Arenal,0.717
14,10,Jalisco,Atemajac de Brizuela,0.628
14,11,Jalisco,Atengo,0.662
14,12,Jalisco,Atenguillo,0.689
14,13,Jalisco,Atotonilco el Alto,0.671
14,14,Jalisco,Atoyac,0.632
14,15,Jalisco,Autlán de Navarro,0.755
14,16,Jalisco,Ayotlán,0.614
14,17,Jalisco,Ayutla,0.641
14,18,Jalisco,La Barca,0.675
14,19,Jalisco,Bolaños,0.526
14,20,Jalisco,Cabo Corrientes,0.654
14,21,Jalisco,Casimiro Castillo,0.685
14,22,Jalisco,Cihuatlán,0.684
14,23,Jalisco,Zapotlán el Grande,0.792
14,24,Jalisco,Cocula,0.687
14,25,Jalisco,Colotlán,0.739
14,26,Jalisco,Concepción de Buenos Aires,0.662
14,27,Jalisco,Cuautitlán de García Barragán,0.58
14,28,Jalisco,Cuautla,0.671
14,29,Jalisco,Cuquío,0.632
14,30,Jalisco,Chapala,0.732
14,31,Jalisco,Chimaltitán,0.594
14,32,Jalisco,Chiquilistlán,0.659
14,33,Jalisco,Degollado,0.644
14,34,Jalisco,Ejutla,0.702
14,35,Jalisco,Encarnación de Díaz,0.636
14,36,Jalisco,Etzatlán,0.708
14,37,Jalisco,El Grullo,0.726
14,38,Jalisco,Guachinango,0.655
14,39,Jalisco,Guadalajara,0.8
14,40,Jalisco,Hostotipaquillo,0.646
14,41,Jalisco,Huejúcar,0.694
14,42,Jalisco,Huejuquilla el Alto,0.647
14,43,Jalisco,La Huerta,0.689
14,44,Jalisco,Ixtlahuacán de los Membrillos,0.726
14,45,Jalisco,Ixtlahuacán del Río,0.656
14,46,Jalisco,Jalostotitlán,0.67
14,47,Jalisco,Jamay,0.693
14,48,Jalisco,Jesús María,0.615
14,49,Jalisco,Jilotlán de los Dolores,0.589
14,50,Jalisco,Jocotepec,0.673
14,51,Jalisco,Juanacatlán,0.744
14,52,Jalisco,Juchitlán,0.699
14,53,Jalisco,Lagos de Moreno,0.707
14,54,Jalisco,El Limón,0.73
14,55,Jalisco,Magdalena,0.715
14,56,Jalisco,Santa María del Oro,0.524
14,57,Jalisco,La Manzanilla de la Paz,0.649
14,58,Jalisco,Mascota,0.707
14,59,Jalisco,Mazamitla,0.678
14,60,Jalisco,Mexticacán,0.649
14,61,Jalisco,Mezquitic,0.44
14,62,Jalisco,Mixtlán,0.672
14,63,Jalisco,Ocotlán,0.763
14,64,Jalisco,Ojuelos de Jalisco,0.628
14,65,Jalisco,Pihuamo,0.665
14,66,Jalisco,Poncitlán,0.642
14,67,Jalisco,Puerto Vallarta,0.758
14,68,Jalisco,Villa Purificación,0.646
14,69,Jalisco,Quitupan,0.605
14,70,Jalisco,El Salto,0.712
14,71,Jalisco,San Cristóbal de la Barranca,0.636
14,72,Jalisco,San Diego de Alejandría,0.642
14,73,Jalisco,San Juan de los Lagos,0.68
14,74,Jalisco,San Julián,0.635
14,75,Jalisco,San Marcos,0.698
14,76,Jalisco,San Martín de Bolaños,0.649
14,77,Jalisco,San Martín Hidalgo,0.726
14,78,Jalisco,San Miguel el Alto,0.631
14,79,Jalisco,Gómez Farías,0.691
14,80,Jalisco,San Sebastián del Oeste,0.619
14,81,Jalisco,Santa María de los Ángeles,0.652
14,82,Jalisco,Sayula,0.753
14,83,Jalisco,Tala,0.705
14,84,Jalisco,Talpa de Allende,0.667
14,85,Jalisco,Tamazula de Gordiano,0.694
14,86,Jalisco,Tapalpa,0.622
14,87,Jalisco,Tecalitlán,0.655
14,88,Jalisco,Tecolotlán,0.686
14,89,Jalisco,Techaluta de Montenegro,0.686
14,90,Jalisco,Tenamaxtlán,0.641
14,91,Jalisco,Teocaltiche,0.646
14,92,Jalisco,Teocuitatlán de Corona,0.644
14,93,Jalisco,Tepatitlán de Morelos,0.725
14,94,Jalisco,Tequila,0.707
14,95,Jalisco,Teuchitlán,0.693
14,96,Jalisco,Tizapán el Alto,0.657
14,97,Jalisco,Tlajomulco de Zúñiga,0.725
14,98,Jalisco,Tlaquepaque,0.745
14,99,Jalisco,Tolimán,0.661
14,100,Jalisco,Tomatlán,0.675
14,101,Jalisco,Tonalá,0.739
14,102,Jalisco,Tonaya,0.696
14,103,Jalisco,Tonila,0.674
14,104,Jalisco,Totatiche,0.654
14,105,Jalisco,Tototlán,0.661
14,106,Jalisco,Tuxcacuesco,0.648
14,107,Jalisco,Tuxcueca,0.681
14,108,Jalisco,Tuxpan,0.708
14,109,Jalisco,Unión de San Antonio,0.657
14,110,Jalisco,Unión de Tula,0.705
14,111,Jalisco,Valle de Guadalupe,0.694
14,112,Jalisco,Valle de Juárez,0.669
14,113,Jalisco,San Gabriel,0.678
14,114,Jalisco,Villa Corona,0.647
14,115,Jalisco,Villa Guerrero,0.593
14,116,Jalisco,Villa Hidalgo,0.666
14,117,Jalisco,Cañadas de Obregón,0.638
14,118,Jalisco,Yahualica de González Gallo,0.656
14,119,Jalisco,Zacoalco de Torres,0.708
14,120,Jalisco,Zapopan,0.816
14,121,Jalisco,Zapotiltic,0.712
14,122,Jalisco,Zapotitlán de Vadillo,0.668
14,123,Jalisco,Zapotlán del Rey,0.654
14,124,Jalisco,Zapotlanejo,0.658
14,125,Jalisco,San Ignacio Cerro Gordo,0.627
15,1,México,Acambay,0.622
15,2,México,Acolman,0.74
15,3,México,Aculco,0.637
15,4,México,Almoloya de Alquisiras,0.638
15,5,México,Almoloya de Juárez,0.705
15,6,México,Almoloya del Río,0.733
15,7,México,Amanalco,0.602
15,8,México,Amatepec,0.639
15,9,México,Amecameca,0.706
15,10,México,Apaxco,0.698
15,11,México,Atenco,0.707
15,12,México,Atizapán,0.676
15,13,México,Atizapán de Zaragoza,0.797
15,14,México,Atlacomulco,0.716
15,15,México,Atlautla,0.684
15,16,México,Axapusco,0.665
15,17,México,Ayapango,0.71
15,18,México,Calimaya,0.712
15,19,México,Capulhuac,0.736
15,20,México,Coacalco de Berriozábal,0.813
15,21,México,Coatepec Harinas,0.619
15,22,México,Cocotitlán,0.761
15,23,México,Coyotepec,0.712
15,24,México,Cuautitlán,0.803
15,25,México,Chalco,0.702
15,26,México,Chapa de Mota,0.65
15,27,México,Chapultepec,0.747
15,28,México,Chiautla,0.713
15,29,México,Chicoloapan,0.75
15,30,México,Chiconcuac,0.75
15,31,México,Chimalhuacán,0.692
15,32,México,Donato Guerra,0.578
15,33,México,Ecatepec de Morelos,0.752
15,34,México,Ecatzingo,0.642
15,35,México,Huehuetoca,0.725
15,36,México,Hueypoxtla,0.66
15,37,México,Huixquilucan,0.773
15,38,México,Isidro Fabela,0.687
15,39,México,Ixtapaluca,0.762
15,40,México,Ixtapan de la Sal,0.666
15,41,México,Ixtapan del Oro,0.585
15,42,México,Ixtlahuaca,0.674
15,43,México,Xalatlaco,0.661
15,44,México,Jaltenco,0.761
15,45,México,Jilotepec,0.671
15,46,México,Jilotzingo,0.668
15,47,México,Jiquipilco,0.637
15,48,México,Jocotitlán,0.715
15,49,México,Joquicingo,0.646
15,50,México,Juchitepec,0.669
15,51,México,Lerma,0.716
15,52,México,Malinalco,0.631
15,53,México,Melchor Ocampo,0.737
15,54,México,Metepec,0.825
15,55,México,Mexicaltzingo,0.746
15,56,México,Morelos,0.604
15,57,México,Naucalpan de Juárez,0.775
15,58,México,Nezahualcóyotl,0.77
15,59,México,Nextlalpan,0.672
15,60,México,Nicolás Romero,0.743
15,61,México,Nopaltepec,0.713
15,62,México,Ocoyoacac,0.743
15,63,México,Ocuilan,0.616
15,64,México,El Oro,0.661
15,65,México,Otumba,0.708
15,66,México,Otzoloapan,0.604
15,67,México,Otzolotepec,0.663
15,68,México,Ozumba,0.697
15,69,México,Papalotla,0.75
15,70,México,La Paz,0.731
15,71,México,Polotitlán,0.676
15,72,México,Rayón,0.732
15,73,México,San Antonio la Isla,0.723
15,74,México,San Felipe del Progreso,0.585
15,75,México,San Martín de las Pirámides,0.698
15,76,México,San Mateo Atenco,0.728
15,77,México,San Simón de Guerrero,0.656
15,78,México,Santo Tomás,0.627
15,79,México,Soyaniquilpan de Juárez,0.672
15,80,México,Sultepec,0.559
15,81,México,Tecámac,0.779
15,82,México,Tejupilco,0.654
15,83,México,Temamatla,0.736
15,84,México,Temascalapa,0.695
15,85,México,Temascalcingo,0.618
15,86,México,Temascaltepec,0.635
15,87,México,Temoaya,0.637
15,88,México,Tenancingo,0.68
15,89,México,Tenango del Aire,0.694
15,90,México,Tenango del Valle,0.681
15,91,México,Teoloyucan,0.716
15,92,México,Teotihuacán,0.742
15,93,México,Tepetlaoxtoc,0.715
15,94,México,Tepetlixpa,0.682
15,95,México,Tepotzotlán,0.721
15,96,México,Tequixquiac,0.696
15,97,México,Texcaltitlán,0.644
15,98,México,Texcalyacac,0.715
15,99,México,Texcoco,0.761
15,100,México,Tezoyuca,0.69
15,101,México,Tianguistenco,0.683
15,102,México,Timilpan,0.677
15,103,México,Tlalmanalco,0.739
15,104,México,Tlalnepantla de Baz,0.795
15,105,México,Tlatlaya,0.603
15,106,México,Toluca,0.765
15,107,México,Tonatico,0.692
15,108,México,Tultepec,0.735
15,109,México,Tultitlán,0.768
15,110,México,Valle de Bravo,0.682
15,111,México,Villa de Allende,0.568
15,112,México,Villa del Carbón,0.644
15,113,México,Villa Guerrero,0.617
15,114,México,Villa Victoria,0.601
15,115,México,Xonacatlán,0.719
15,116,México,Zacazonapan,0.629
15,117,México,Zacualpan,0.602
15,118,México,Zinacantepec,0.676
15,119,México,Zumpahuacán,0.599
15,120,México,Zumpango,0.721
15,121,México,Cuautitlán Izcalli,0.805
15,122,México,Valle de Chalco Solidaridad,0.702
15,123,México,Luvianos,0.581
15,124,México,San José del Rincón,0.545
15,125,México,Tonanitla,0.74
16,1,Michoacán,Acuitzio,0.649
16,2,Michoacán,Aguililla,0.601
16,3,Michoacán,Álvaro Obregón,0.635
16,4,Michoacán,Angamacutiro,0.637
16,5,Michoacán,Angangueo,0.667
16,6,Michoacán,Apatzingán,0.675
16,7,Michoacán,Aporo,0.633
16,8,Michoacán,Aquila,0.551
16,9,Michoacán,Ario,0.649
16,10,Michoacán,Arteaga,0.641
16,11,Michoacán,Briseñas,0.664
16,12,Michoacán,Buenavista,0.632
16,13,Michoacán,Carácuaro,0.585
16,14,Michoacán,Coahuayana,0.654
16,15,Michoacán,Coalcomán de Vázquez Pallares,0.637
16,16,Michoacán,Coeneo,0.642
16,17,Michoacán,Contepec,0.596
16,18,Michoacán,Copándaro,0.643
16,19,Michoacán,Cotija,0.65
16,20,Michoacán,Cuitzeo,0.619
16,21,Michoacán,Charapan,0.62
16,22,Michoacán,Charo,0.661
16,23,Michoacán,Chavinda,0.632
16,24,Michoacán,Cherán,0.683
16,25,Michoacán,Chilchota,0.651
16,26,Michoacán,Chinicuila,0.585
16,27,Michoacán,Chucándiro,0.601
16,28,Michoacán,Churintzio,0.589
16,29,Michoacán,Churumuco,0.579
16,30,Michoacán,Ecuandureo,0.638
16,31,Michoacán,Epitacio Huerta,0.605
16,32,Michoacán,Erongarícuaro,0.65
16,33,Michoacán,Gabriel Zamora,0.655
16,34,Michoacán,Hidalgo,0.657
16,35,Michoacán,La Huacana,0.609
16,36,Michoacán,Huandacareo,0.636
16,37,Michoacán,Huaniqueo,0.553
16,38,Michoacán,Huetamo,0.654
16,39,Michoacán,Huiramba,0.663
16,40,Michoacán,Indaparapeo,0.628
16,41,Michoacán,Irimbo,0.611
16,42,Michoacán,Ixtlán,0.637
16,43,Michoacán,Jacona,0.66
16,44,Michoacán,Jiménez,0.636
16,45,Michoacán,Jiquilpan,0.704
16,46,Michoacán,Juárez,0.623
16,47,Michoacán,Jungapeo,0.622
16,48,Michoacán,Lagunillas,0.653
16,49,Michoacán,Madero,0.594
16,50,Michoacán,Maravatío,0.635
16,51,Michoacán,Marcos Castellanos,0.697
16,52,Michoacán,Lázaro Cárdenas,0.752
16,53,Michoacán,Morelia,0.783
16,54,Michoacán,Morelos,0.653
16,55,Michoacán,Múgica,0.626
16,56,Michoacán,Nahuatzen,0.627
16,57,Michoacán,Nocupétaro,0.523
16,58,Michoacán,Nuevo Parangaricutiro,0.655
16,59,Michoacán,Nuevo Urecho,0.595
16,60,Michoacán,Numarán,0.641
16,61,Michoacán,Ocampo,0.609
16,62,Michoacán,Pajacuarán,0.6
16,63,Michoacán,Panindícuaro,0.592
16,64,Michoacán,Parácuaro,0.607
16,65,Michoacán,Paracho,0.672
16,66,Michoacán,Pátzcuaro,0.695
16,67,Michoacán,Penjamillo,0.625
16,68,Michoacán,Peribán,0.653
16,69,Michoacán,La Piedad,0.705
16,70,Michoacán,Purépero,0.685
16,71,Michoacán,Puruándiro,0.661
16,72,Michoacán,Queréndaro,0.649
16,73,Michoacán,Quiroga,0.666
16,74,Michoacán,Cojumatlán de Régules,0.633
16,75,Michoacán,Los Reyes,0.637
16,76,Michoacán,Sahuayo,0.641
16,77,Michoacán,San Lucas,0.61
16,78,Michoacán,Santa Ana Maya,0.647
16,79,Michoacán,Salvador Escalante,0.616
16,80,Michoacán,Senguio,0.613
16,81,Michoacán,Susupuato,0.528
16,82,Michoacán,Tacámbaro,0.646
16,83,Michoacán,Tancítaro,0.593
16,84,Michoacán,Tangamandapio,0.6
16,85,Michoacán,Tangancícuaro,0.629
16,86,Michoacán,Tanhuato,0.628
16,87,Michoacán,Taretan,0.617
16,88,Michoacán,Tarímbaro,0.798
16,89,Michoacán,Tepalcatepec,0.645
16,90,Michoacán,Tingambato,0.687
16,91,Michoacán,Tingüindín,0.677
16,92,Michoacán,Tiquicheo de Nicolás Romero,0.565
16,93,Michoacán,Tlalpujahua,0.626
16,94,Michoacán,Tlazazalca,0.592
16,95,Michoacán,Tocumbo,0.633
16,96,Michoacán,Tumbiscatío,0.562
16,97,Michoacán,Turicato,0.572
16,98,Michoacán,Tuxpan,0.65
16,99,Michoacán,Tuzantla,0.562
16,100,Michoacán,Tzintzuntzan,0.675
16,101,Michoacán,Tzitzio,0.56
16,102,Michoacán,Uruapan,0.729
16,103,Michoacán,Venustiano Carranza,0.661
16,104,Michoacán,Villamar,0.64
16,105,Michoacán,Vista Hermosa,0.656
16,106,Michoacán,Yurécuaro,0.664
16,107,Michoacán,Zacapu,0.739
16,108,Michoacán,Zamora,0.71
16,109,Michoacán,Zináparo,0.665
16,110,Michoacán,Zinapécuaro,0.662
16,111,Michoacán,Ziracuaretiro,0.639
16,112,Michoacán,Zitácuaro,0.689
16,113,Michoacán,José Sixto Verduzco,0.646
17,1,Morelos,Amacuzac,0.689
17,2,Morelos,Atlatlahucan,0.724
17,3,Morelos,Axochiapan,0.684
17,4,Morelos,Ayala,0.696
17,5,Morelos,Coatlán del Río,0.665
17,6,Morelos,Cuautla,0.756
17,7,Morelos,Cuernavaca,0.828
17,8,Morelos,Emiliano Zapata,0.778
17,9,Morelos,Huitzilac,0.712
17,10,Morelos,Jantetelco,0.712
17,11,Morelos,Jiutepec,0.791
17,12,Morelos,Jojutla,0.764
17,13,Morelos,Jonacatepec,0.709
17,14,Morelos,Mazatepec,0.69
17,15,Morelos,Miacatlán,0.653
17,16,Morelos,Ocuituco,0.65
17,17,Morelos,Puente de Ixtla,0.681
17,18,Morelos,Temixco,0.712
17,19,Morelos,Tepalcingo,0.683
17,20,Morelos,Tepoztlán,0.746
17,21,Morelos,Tetecala,0.677
17,22,Morelos,Tetela del Volcán,0.65
17,23,Morelos,Tlalnepantla,0.682
17,24,Morelos,Tlaltizapán,0.722
17,25,Morelos,Tlaquiltenango,0.705
17,26,Morelos,Tlayacapan,0.74
17,27,Morelos,Totolapan,0.647
17,28,Morelos,Xochitepec,0.714
17,29,Morelos,Yautepec,0.709
17,30,Morelos,Yecapixtla,0.689
17,31,Morelos,Zacatepec,0.765
17,32,Morelos,Zacualpan,0.741
17,33,Morelos,Temoac,0.698
18,1,Nayarit,Acaponeta,0.731
18,2,Nayarit,Ahuacatlán,0.722
18,3,Nayarit,Amatlán de Cañas,0.686
18,4,Nayarit,Compostela,0.714
18,5,Nayarit,Huajicori,0.63
18,6,Nayarit,Ixtlán del Río,0.746
18,7,Nayarit,Jala,0.702
18,8,Nayarit,Xalisco,0.762
18,9,Nayarit,Del Nayar,0.501
18,10,Nayarit,Rosamorada,0.691
18,11,Nayarit,Ruíz,0.667
18,12,Nayarit,San Blas,0.695
18,13,Nayarit,San Pedro Lagunillas,0.722
18,14,Nayarit,Santa María del Oro,0.679
18,15,Nayarit,Santiago Ixcuintla,0.695
18,16,Nayarit,Tecuala,0.717
18,17,Nayarit,Tepic,0.813
18,18,Nayarit,Tuxpan,0.736
18,19,Nayarit,La Yesca,0.478
18,20,Nayarit,Bahía de Banderas,0.752
19,1,Nuevo León,Abasolo,0.726
19,2,Nuevo León,Agualeguas,0.699
19,3,Nuevo León,Los Aldamas,0.645
19,4,Nuevo León,Allende,0.754
19,5,Nuevo León,Anáhuac,0.705
19,6,Nuevo León,Apodaca,0.8
19,7,Nuevo León,Aramberri,0.633
19,8,Nuevo León,Bustamante,0.702
19,9,Nuevo León,Cadereyta Jiménez,0.746
19,10,Nuevo León,Carmen,0.751
19,11,Nuevo León,Cerralvo,0.69
19,12,Nuevo León,Ciénega de Flores,0.73
19,13,Nuevo León,China,0.69
19,14,Nuevo León,Dr. Arroyo,0.62
19,15,Nuevo León,Dr. Coss,0.649
19,16,Nuevo León,Dr. González,0.66
19,17,Nuevo León,Galeana,0.643
19,18,Nuevo León,García,0.748
19,19,Nuevo León,San Pedro Garza García,0.871
19,20,Nuevo León,Gral. Bravo,0.724
19,21,Nuevo León,Gral. Escobedo,0.763
19,22,Nuevo León,Gral. Terán,0.694
19,23,Nuevo León,Gral. Treviño,0.696
19,24,Nuevo León,Gral. Zaragoza,0.617
19,25,Nuevo León,Gral. Zuazua,0.741
19,26,Nuevo León,Guadalupe,0.82
19,27,Nuevo León,Los Herreras,0.657
19,28,Nuevo León,Higueras,0.711
19,29,Nuevo León,Hualahuises,0.734
19,30,Nuevo León,Iturbide,0.675
19,31,Nuevo León,Juárez,0.754
19,32,Nuevo León,Lampazos de Naranjo,0.685
19,33,Nuevo León,Linares,0.753
19,34,Nuevo León,Marín,0.717
19,35,Nuevo León,Melchor Ocampo,0.708
19,36,Nuevo León,Mier y Noriega,0.546
19,37,Nuevo León,Mina,0.703
19,38,Nuevo León,Montemorelos,0.776
19,39,Nuevo León,Monterrey,0.809
19,40,Nuevo León,Parás,0.7
19,41,Nuevo León,Pesquería,0.698
19,42,Nuevo León,Los Ramones,0.68
19,43,Nuevo León,Rayones,0.623
19,44,Nuevo León,Sabinas Hidalgo,0.771
19,45,Nuevo León,Salinas Victoria,0.676
19,46,Nuevo León,San Nicolás de los Garza,0.849
19,47,Nuevo León,Hidalgo,0.729
19,48,Nuevo León,Santa Catarina,0.765
19,49,Nuevo León,Santiago,0.786
19,50,Nuevo León,Vallecillo,0.675
19,51,Nuevo León,Villaldama,0.705
20,1,Oaxaca,Abejones,0.444
20,2,Oaxaca,Acatlán de Pérez Figueroa,0.639
20,3,Oaxaca,Asunción Cacalotepec,0.576
20,4,Oaxaca,Asunción Cuyotepeji,0.641
20,5,Oaxaca,Asunción Ixtaltepec,0.704
20,6,Oaxaca,Asunción Nochixtlán,0.724
20,7,Oaxaca,Asunción Ocotlán,0.533
20,8,Oaxaca,Asunción Tlacolulita,0.618
20,9,Oaxaca,Ayotzintepec,0.618
20,10,Oaxaca,El Barrio de la Soledad,0.733
20,11,Oaxaca,Calihualá,0.553
20,12,Oaxaca,Candelaria Loxicha,0.548
20,13,Oaxaca,Ciénega de Zimatlán,0.695
20,14,Oaxaca,Ciudad Ixtepec,0.749
20,15,Oaxaca,Coatecas Altas,0.493
20,16,Oaxaca,Coicoyán de las Flores,0.384
20,17,Oaxaca,La Compañía,0.546
20,18,Oaxaca,Concepción Buenavista,0.568
20,19,Oaxaca,Concepción Pápalo,0.564
20,20,Oaxaca,Constancia del Rosario,0.58
20,21,Oaxaca,Cosolapa,0.674
20,22,Oaxaca,Cosoltepec,0.639
20,23,Oaxaca,Cuilápam de Guerrero,0.703
20,24,Oaxaca,Cuyamecalco Villa de Zaragoza,0.467
20,25,Oaxaca,Chahuites,0.637
20,26,Oaxaca,Chalcatongo de Hidalgo,0.641
20,27,Oaxaca,Chiquihuitlán de Benito Juárez,0.518
20,28,Oaxaca,Heroica Ciudad de Ejutla de Crespo,0.623
20,29,Oaxaca,Eloxochitlán de Flores Magón,0.514
20,30,Oaxaca,El Espinal,0.81
20,31,Oaxaca,Tamazulápam del Espíritu Santo,0.596
20,32,Oaxaca,Fresnillo de Trujano,0.559
20,33,Oaxaca,Guadalupe Etla,0.756
20,34,Oaxaca,Guadalupe de Ramírez,0.602
20,35,Oaxaca,Guelatao de Juárez,0.806
20,36,Oaxaca,Guevea de Humboldt,0.567
20,37,Oaxaca,Mesones Hidalgo,0.522
20,38,Oaxaca,Villa Hidalgo,0.585
20,39,Oaxaca,Heroica Ciudad de Huajuapan de León,0.731
20,40,Oaxaca,Huautepec,0.488
20,41,Oaxaca,Huautla de Jiménez,0.596
20,42,Oaxaca,Ixtlán de Juárez,0.661
20,43,Oaxaca,Heroica Ciudad de Juchitán de Zaragoza,0.721
20,44,Oaxaca,Loma Bonita,0.665
20,45,Oaxaca,Magdalena Apasco,0.774
20,46,Oaxaca,Magdalena Jaltepec,0.534
20,47,Oaxaca,Santa Magdalena Jicotlán,0.609
20,48,Oaxaca,Magdalena Mixtepec,0.47
20,49,Oaxaca,Magdalena Ocotlán,0.601
20,50,Oaxaca,Magdalena Peñasco,0.526
20,51,Oaxaca,Magdalena Teitipac,0.501
20,52,Oaxaca,Magdalena Tequisistlán,0.719
20,53,Oaxaca,Magdalena Tlacotepec,0.687
20,54,Oaxaca,Magdalena Zahuatlán,0.623
20,55,Oaxaca,Mariscala de Juárez,0.586
20,56,Oaxaca,Mártires de Tacubaya,0.586
20,57,Oaxaca,Matías Romero Avendaño,0.698
20,58,Oaxaca,Mazatlán Villa de Flores,0.532
20,59,Oaxaca,Miahuatlán de Porfirio Díaz,0.637
20,60,Oaxaca,Mixistlán de la Reforma,0.572
20,61,Oaxaca,Monjas,0.502
20,62,Oaxaca,Natividad,0.697
20,63,Oaxaca,Nazareno Etla,0.79
20,64,Oaxaca,Nejapa de Madero,0.619
20,65,Oaxaca,Ixpantepec Nieves,0.525
20,66,Oaxaca,Santiago Niltepec,0.66
20,67,Oaxaca,Oaxaca de Juárez,0.832
20,68,Oaxaca,Ocotlán de Morelos,0.688
20,69,Oaxaca,La Pe,0.554
20,70,Oaxaca,Pinotepa de Don Luis,0.635
20,71,Oaxaca,Pluma Hidalgo,0.547
20,72,Oaxaca,San José del Progreso,0.58
20,73,Oaxaca,Putla Villa de Guerrero,0.676
20,74,Oaxaca,Santa Catarina Quioquitani,0.578
20,75,Oaxaca,Reforma de Pineda,0.687
20,76,Oaxaca,La Reforma,0.588
20,77,Oaxaca,Reyes Etla,0.704
20,78,Oaxaca,Rojas de Cuauhtémoc,0.714
20,79,Oaxaca,Salina Cruz,0.772
20,80,Oaxaca,San Agustín Amatengo,0.551
20,81,Oaxaca,San Agustín Atenango,0.573
20,82,Oaxaca,San Agustín Chayuco,0.585
20,83,Oaxaca,San Agustín de las Juntas,0.743
20,84,Oaxaca,San Agustín Etla,0.802
20,85,Oaxaca,San Agustín Loxicha,0.544
20,86,Oaxaca,San Agustín Tlacotepec,0.647
20,87,Oaxaca,San Agustín Yatareni,0.649
20,88,Oaxaca,San Andrés Cabecera Nueva,0.588
20,89,Oaxaca,San Andrés Dinicuiti,0.636
20,90,Oaxaca,San Andrés Huaxpaltepec,0.672
20,91,Oaxaca,San Andrés Huayápam,0.846
20,92,Oaxaca,San Andrés Ixtlahuaca,0.639
20,93,Oaxaca,San Andrés Lagunas,0.605
20,94,Oaxaca,San Andrés Nuxiño,0.452
20,95,Oaxaca,San Andrés Paxtlán,0.53
20,96,Oaxaca,San Andrés Sinaxtla,0.714
20,97,Oaxaca,San Andrés Solaga,0.591
20,98,Oaxaca,San Andrés Teotilálpam,0.51
20,99,Oaxaca,San Andrés Tepetlapa,0.506
20,100,Oaxaca,San Andrés Yaá,0.56
20,101,Oaxaca,San Andrés Zabache,0.524
20,102,Oaxaca,San Andrés Zautla,0.728
20,103,Oaxaca,San Antonino Castillo Velasco,0.63
20,104,Oaxaca,San Antonino el Alto,0.584
20,105,Oaxaca,San Antonino Monte Verde,0.516
20,106,Oaxaca,San Antonio Acutla,0.574
20,107,Oaxaca,San Antonio de la Cal,0.744
20,108,Oaxaca,San Antonio Huitepec,0.529
20,109,Oaxaca,San Antonio Nanahuatípam,0.721
20,110,Oaxaca,San Antonio Sinicahua,0.56
20,111,Oaxaca,San Antonio Tepetlapa,0.586
20,112,Oaxaca,San Baltazar Chichicápam,0.604
20,113,Oaxaca,San Baltazar Loxicha,0.554
20,114,Oaxaca,San Baltazar Yatzachi el Bajo,0.446
20,115,Oaxaca,San Bartolo Coyotepec,0.792
20,116,Oaxaca,San Bartolomé Ayautla,0.464
20,117,Oaxaca,San Bartolomé Loxicha,0.563
20,118,Oaxaca,San Bartolomé Quialana,0.564
20,119,Oaxaca,San Bartolomé Yucuañe,0.582
20,120,Oaxaca,San Bartolomé Zoogocho,0.627
20,121,Oaxaca,San Bartolo Soyaltepec,0.546
20,122,Oaxaca,San Bartolo Yautepec,0.636
20,123,Oaxaca,San Bernardo Mixtepec,0.505
20,124,Oaxaca,San Blas Atempa,0.586
20,125,Oaxaca,San Carlos Yautepec,0.546
20,126,Oaxaca,San Cristóbal Amatlán,0.547
20,127,Oaxaca,San Cristóbal Amoltepec,0.567
20,128,Oaxaca,San Cristóbal Lachirioag,0.608
20,129,Oaxaca,San Cristóbal Suchixtlahuaca,0.669
20,130,Oaxaca,San Dionisio del Mar,0.6
20,131,Oaxaca,San Dionisio Ocotepec,0.575
20,132,Oaxaca,San Dionisio Ocotlán,0.678
20,133,Oaxaca,San Esteban Atatlahuca,0.598
20,134,Oaxaca,San Felipe Jalapa de Díaz,0.535
20,135,Oaxaca,San Felipe Tejalápam,0.614
20,136,Oaxaca,San Felipe Usila,0.573
20,137,Oaxaca,San Francisco Cahuacuá,0.57
20,138,Oaxaca,San Francisco Cajonos,0.611
20,139,Oaxaca,San Francisco Chapulapa,0.514
20,140,Oaxaca,San Francisco Chindúa,0.653
20,141,Oaxaca,San Francisco del Mar,0.627
20,142,Oaxaca,San Francisco Huehuetlán,0.516
20,143,Oaxaca,San Francisco Ixhuatán,0.665
20,144,Oaxaca,San Francisco Jaltepetongo,0.629
20,145,Oaxaca,San Francisco Lachigoló,0.743
20,146,Oaxaca,San Francisco Logueche,0.511
20,147,Oaxaca,San Francisco Nuxaño,0.459
20,148,Oaxaca,San Francisco Ozolotepec,0.507
20,149,Oaxaca,San Francisco Sola,0.558
20,150,Oaxaca,San Francisco Telixtlahuaca,0.73
20,151,Oaxaca,San Francisco Teopan,0.567
20,152,Oaxaca,San Francisco Tlapancingo,0.504
20,153,Oaxaca,San Gabriel Mixtepec,0.612
20,154,Oaxaca,San Ildefonso Amatlán,0.548
20,155,Oaxaca,San Ildefonso Sola,0.538
20,156,Oaxaca,San Ildefonso Villa Alta,0.631
20,157,Oaxaca,San Jacinto Amilpas,0.82
20,158,Oaxaca,San Jacinto Tlacotepec,0.545
20,159,Oaxaca,San Jerónimo Coatlán,0.552
20,160,Oaxaca,San Jerónimo Silacayoapilla,0.532
20,161,Oaxaca,San Jerónimo Sosola,0.564
20,162,Oaxaca,San Jerónimo Taviche,0.489
20,163,Oaxaca,San Jerónimo Tecóatl,0.592
20,164,Oaxaca,San Jorge Nuchita,0.507
20,165,Oaxaca,San José Ayuquila,0.605
20,166,Oaxaca,San José Chiltepec,0.663
20,167,Oaxaca,San José del Peñasco,0.543
20,168,Oaxaca,San José Estancia Grande,0.593
20,169,Oaxaca,San José Independencia,0.514
20,170,Oaxaca,San José Lachiguiri,0.499
20,171,Oaxaca,San José Tenango,0.517
20,172,Oaxaca,San Juan Achiutla,0.658
20,173,Oaxaca,San Juan Atepec,0.618
20,174,Oaxaca,Ánimas Trujano,0.758
20,175,Oaxaca,San Juan Bautista Atatlahuca,0.536
20,176,Oaxaca,San Juan Bautista Coixtlahuaca,0.577
20,177,Oaxaca,San Juan Bautista Cuicatlán,0.63
20,178,Oaxaca,San Juan Bautista Guelache,0.777
20,179,Oaxaca,San Juan Bautista Jayacatlán,0.582
20,180,Oaxaca,San Juan Bautista Lo de Soto,0.618
20,181,Oaxaca,San Juan Bautista Suchitepec,0.567
20,182,Oaxaca,San Juan Bautista Tlacoatzintepec,0.533
20,183,Oaxaca,San Juan Bautista Tlachichilco,0.551
20,184,Oaxaca,San Juan Bautista Tuxtepec,0.721
20,185,Oaxaca,San Juan Cacahuatepec,0.688
20,186,Oaxaca,San Juan Cieneguilla,0.601
20,187,Oaxaca,San Juan Coatzóspam,0.487
20,188,Oaxaca,San Juan Colorado,0.556
20,189,Oaxaca,San Juan Comaltepec,0.46
20,190,Oaxaca,San Juan Cotzocón,0.626
20,191,Oaxaca,San Juan Chicomezúchil,0.679
20,192,Oaxaca,San Juan Chilateca,0.742
20,193,Oaxaca,San Juan del Estado,0.653
20,194,Oaxaca,San Juan del Río,0.564
20,195,Oaxaca,San Juan Diuxi,0.459
20,196,Oaxaca,San Juan Evangelista Analco,0.662
20,197,Oaxaca,San Juan Guelavía,0.63
20,198,Oaxaca,San Juan Guichicovi,0.595
20,199,Oaxaca,San Juan Ihualtepec,0.55
20,200,Oaxaca,San Juan Juquila Mixes,0.508
20,201,Oaxaca,San Juan Juquila Vijanos,0.553
20,202,Oaxaca,San Juan Lachao,0.561
20,203,Oaxaca,San Juan Lachigalla,0.515
20,204,Oaxaca,San Juan Lajarcia,0.613
20,205,Oaxaca,San Juan Lalana,0.513
20,206,Oaxaca,San Juan de los Cués,0.6
20,207,Oaxaca,San Juan Mazatlán,0.59
20,208,Oaxaca,San Juan Mixtepec -Dto. 08 -,0.57
20,209,Oaxaca,San Juan Mixtepec -Dto. 26 -,0.544
20,210,Oaxaca,San Juan Ñumí,0.569
20,211,Oaxaca,San Juan Ozolotepec,0.519
20,212,Oaxaca,San Juan Petlapa,0.5
20,213,Oaxaca,San Juan Quiahije,0.523
20,214,Oaxaca,San Juan Quiotepec,0.569
20,215,Oaxaca,San Juan Sayultepec,0.679
20,216,Oaxaca,San Juan Tabaá,0.609
20,217,Oaxaca,San Juan Tamazola,0.543
20,218,Oaxaca,San Juan Teita,0.527
20,219,Oaxaca,San Juan Teitipac,0.57
20,220,Oaxaca,San Juan Tepeuxila,0.484
20,221,Oaxaca,San Juan Teposcolula,0.645
20,222,Oaxaca,San Juan Yaeé,0.594
20,223,Oaxaca,San Juan Yatzona,0.538
20,224,Oaxaca,San Juan Yucuita,0.695
20,225,Oaxaca,San Lorenzo,0.536
20,226,Oaxaca,San Lorenzo Albarradas,0.576
20,227,Oaxaca,San Lorenzo Cacaotepec,0.754
20,228,Oaxaca,San Lorenzo Cuaunecuiltitla,0.515
20,229,Oaxaca,San Lorenzo Texmelúcan,0.496
20,230,Oaxaca,San Lorenzo Victoria,0.561
20,231,Oaxaca,San Lucas Camotlán,0.476
20,232,Oaxaca,San Lucas Ojitlán,0.58
20,233,Oaxaca,San Lucas Quiaviní,0.54
20,234,Oaxaca,San Lucas Zoquiápam,0.541
20,235,Oaxaca,San Luis Amatlán,0.533
20,236,Oaxaca,San Marcial Ozolotepec,0.522
20,237,Oaxaca,San Marcos Arteaga,0.604
20,238,Oaxaca,San Martín de los Cansecos,0.542
20,239,Oaxaca,San Martín Huamelúlpam,0.611
20,240,Oaxaca,San Martín Itunyoso,0.5
20,241,Oaxaca,San Martín Lachilá,0.603
20,242,Oaxaca,San Martín Peras,0.395
20,243,Oaxaca,San Martín Tilcajete,0.668
20,244,Oaxaca,San Martín Toxpalan,0.563
20,245,Oaxaca,San Martín Zacatepec,0.565
20,246,Oaxaca,San Mateo Cajonos,0.569
20,247,Oaxaca,Capulálpam de Méndez,0.757
20,248,Oaxaca,San Mateo del Mar,0.534
20,249,Oaxaca,San Mateo Yoloxochitlán,0.597
20,250,Oaxaca,San Mateo Etlatongo,0.623
20,251,Oaxaca,San Mateo Nejápam,0.476
20,252,Oaxaca,San Mateo Peñasco,0.494
20,253,Oaxaca,San Mateo Piñas,0.542
20,254,Oaxaca,San Mateo Río Hondo,0.572
20,255,Oaxaca,San Mateo Sindihui,0.494
20,256,Oaxaca,San Mateo Tlapiltepec,0.604
20,257,Oaxaca,San Melchor Betaza,0.498
20,258,Oaxaca,San Miguel Achiutla,0.646
20,259,Oaxaca,San Miguel Ahuehuetitlán,0.475
20,260,Oaxaca,San Miguel Aloápam,0.513
20,261,Oaxaca,San Miguel Amatitlán,0.514
20,262,Oaxaca,San Miguel Amatlán,0.62
20,263,Oaxaca,San Miguel Coatlán,0.507
20,264,Oaxaca,San Miguel Chicahua,0.575
20,265,Oaxaca,San Miguel Chimalapa,0.616
20,266,Oaxaca,San Miguel del Puerto,0.571
20,267,Oaxaca,San Miguel del Río,0.641
20,268,Oaxaca,San Miguel Ejutla,0.609
20,269,Oaxaca,San Miguel el Grande,0.694
20,270,Oaxaca,San Miguel Huautla,0.558
20,271,Oaxaca,San Miguel Mixtepec,0.522
20,272,Oaxaca,San Miguel Panixtlahuaca,0.556
20,273,Oaxaca,San Miguel Peras,0.57
20,274,Oaxaca,San Miguel Piedras,0.606
20,275,Oaxaca,San Miguel Quetzaltepec,0.531
20,276,Oaxaca,San Miguel Santa Flor,0.367
20,277,Oaxaca,Villa Sola de Vega,0.574
20,278,Oaxaca,San Miguel Soyaltepec,0.607
20,279,Oaxaca,San Miguel Suchixtepec,0.582
20,280,Oaxaca,Villa Talea de Castro,0.645
20,281,Oaxaca,San Miguel Tecomatlán,0.652
20,282,Oaxaca,San Miguel Tenango,0.572
20,283,Oaxaca,San Miguel Tequixtepec,0.609
20,284,Oaxaca,San Miguel Tilquiápam,0.504
20,285,Oaxaca,San Miguel Tlacamama,0.615
20,286,Oaxaca,San Miguel Tlacotepec,0.482
20,287,Oaxaca,San Miguel Tulancingo,0.625
20,288,Oaxaca,San Miguel Yotao,0.48
20,289,Oaxaca,San Nicolás,0.542
20,290,Oaxaca,San Nicolás Hidalgo,0.612
20,291,Oaxaca,San Pablo Coatlán,0.55
20,292,Oaxaca,San Pablo Cuatro Venados,0.521
20,293,Oaxaca,San Pablo Etla,0.838
20,294,Oaxaca,San Pablo Huitzo,0.734
20,295,Oaxaca,San Pablo Huixtepec,0.714
20,296,Oaxaca,San Pablo Macuiltianguis,0.56
20,297,Oaxaca,San Pablo Tijaltepec,0.565
20,298,Oaxaca,San Pablo Villa de Mitla,0.646
20,299,Oaxaca,San Pablo Yaganiza,0.574
20,300,Oaxaca,San Pedro Amuzgos,0.615
20,301,Oaxaca,San Pedro Apóstol,0.664
20,302,Oaxaca,San Pedro Atoyac,0.556
20,303,Oaxaca,San Pedro Cajonos,0.618
20,304,Oaxaca,San Pedro Coxcaltepec Cántaros,0.571
20,305,Oaxaca,San Pedro Comitancillo,0.804
20,306,Oaxaca,San Pedro el Alto,0.512
20,307,Oaxaca,San Pedro Huamelula,0.642
20,308,Oaxaca,San Pedro Huilotepec,0.686
20,309,Oaxaca,San Pedro Ixcatlán,0.562
20,310,Oaxaca,San Pedro Ixtlahuaca,0.667
20,311,Oaxaca,San Pedro Jaltepetongo,0.563
20,312,Oaxaca,San Pedro Jicayán,0.556
20,313,Oaxaca,San Pedro Jocotipac,0.536
20,314,Oaxaca,San Pedro Juchatengo,0.629
20,315,Oaxaca,San Pedro Mártir,0.577
20,316,Oaxaca,San Pedro Mártir Quiechapa,0.612
20,317,Oaxaca,San Pedro Mártir Yucuxaco,0.623
20,318,Oaxaca,San Pedro Mixtepec -Dto. 22 -,0.69
20,319,Oaxaca,San Pedro Mixtepec -Dto. 26 -,0.575
20,320,Oaxaca,San Pedro Molinos,0.587
20,321,Oaxaca,San Pedro Nopala,0.548
20,322,Oaxaca,San Pedro Ocopetatillo,0.529
20,323,Oaxaca,San Pedro Ocotepec,0.553
20,324,Oaxaca,San Pedro Pochutla,0.656
20,325,Oaxaca,San Pedro Quiatoni,0.528
20,326,Oaxaca,San Pedro Sochiápam,0.51
20,327,Oaxaca,San Pedro Tapanatepec,0.645
20,328,Oaxaca,San Pedro Taviche,0.525
20,329,Oaxaca,San Pedro Teozacoalco,0.619
20,330,Oaxaca,San Pedro Teutila,0.53
20,331,Oaxaca,San Pedro Tidaá,0.599
20,332,Oaxaca,San Pedro Topiltepec,0.611
20,333,Oaxaca,San Pedro Totolápam,0.637
20,334,Oaxaca,Villa de Tututepec de Melchor Ocampo,0.608
20,335,Oaxaca,San Pedro Yaneri,0.583
20,336,Oaxaca,San Pedro Yólox,0.586
20,337,Oaxaca,San Pedro y San Pablo Ayutla,0.538
20,338,Oaxaca,Villa de Etla,0.794
20,339,Oaxaca,San Pedro y San Pablo Teposcolula,0.708
20,340,Oaxaca,San Pedro y San Pablo Tequixtepec,0.625
20,341,Oaxaca,San Pedro Yucunama,0.62
20,342,Oaxaca,San Raymundo Jalpan,0.722
20,343,Oaxaca,San Sebastián Abasolo,0.569
20,344,Oaxaca,San Sebastián Coatlán,0.554
20,345,Oaxaca,San Sebastián Ixcapa,0.632
20,346,Oaxaca,San Sebastián Nicananduta,0.606
20,347,Oaxaca,San Sebastián Río Hondo,0.576
20,348,Oaxaca,San Sebastián Tecomaxtlahuaca,0.579
20,349,Oaxaca,San Sebastián Teitipac,0.635
20,350,Oaxaca,San Sebastián Tutla,0.852
20,351,Oaxaca,San Simón Almolongas,0.532
20,352,Oaxaca,San Simón Zahuatlán,0.375
20,353,Oaxaca,Santa Ana,0.582
20,354,Oaxaca,Santa Ana Ateixtlahuaca,0.377
20,355,Oaxaca,Santa Ana Cuauhtémoc,0.536
20,356,Oaxaca,Santa Ana del Valle,0.572
20,357,Oaxaca,Santa Ana Tavela,0.606
20,358,Oaxaca,Santa Ana Tlapacoyan,0.6
20,359,Oaxaca,Santa Ana Yareni,0.579
20,360,Oaxaca,Santa Ana Zegache,0.606
20,361,Oaxaca,Santa Catalina Quierí,0.51
20,362,Oaxaca,Santa Catarina Cuixtla,0.626
20,363,Oaxaca,Santa Catarina Ixtepeji,0.65
20,364,Oaxaca,Santa Catarina Juquila,0.599
20,365,Oaxaca,Santa Catarina Lachatao,0.63
20,366,Oaxaca,Santa Catarina Loxicha,0.569
20,367,Oaxaca,Santa Catarina Mechoacán,0.491
20,368,Oaxaca,Santa Catarina Minas,0.619
20,369,Oaxaca,Santa Catarina Quiané,0.673
20,370,Oaxaca,Santa Catarina Tayata,0.665
20,371,Oaxaca,Santa Catarina Ticuá,0.609
20,372,Oaxaca,Santa Catarina Yosonotú,0.589
20,373,Oaxaca,Santa Catarina Zapoquila,0.56
20,374,Oaxaca,Santa Cruz Acatepec,0.46
20,375,Oaxaca,Santa Cruz Amilpas,0.793
20,376,Oaxaca,Santa Cruz de Bravo,0.606
20,377,Oaxaca,Santa Cruz Itundujia,0.568
20,378,Oaxaca,Santa Cruz Mixtepec,0.636
20,379,Oaxaca,Santa Cruz Nundaco,0.6
20,380,Oaxaca,Santa Cruz Papalutla,0.63
20,381,Oaxaca,Santa Cruz Tacache de Mina,0.573
20,382,Oaxaca,Santa Cruz Tacahua,0.579
20,383,Oaxaca,Santa Cruz Tayata,0.613
20,384,Oaxaca,Santa Cruz Xitla,0.552
20,385,Oaxaca,Santa Cruz Xoxocotlán,0.777
20,386,Oaxaca,Santa Cruz Zenzontepec,0.493
20,387,Oaxaca,Santa Gertrudis,0.654
20,388,Oaxaca,Santa Inés del Monte,0.544
20,389,Oaxaca,Santa Inés Yatzeche,0.524
20,390,Oaxaca,Santa Lucía del Camino,0.821
20,391,Oaxaca,Santa Lucía Miahuatlán,0.478
20,392,Oaxaca,Santa Lucía Monteverde,0.556
20,393,Oaxaca,Santa Lucía Ocotlán,0.552
20,394,Oaxaca,Santa María Alotepec,0.61
20,395,Oaxaca,Santa María Apazco,0.472
20,396,Oaxaca,Santa María la Asunción,0.453
20,397,Oaxaca,Heroica Ciudad de Tlaxiaco,0.733
20,398,Oaxaca,Ayoquezco de Aldama,0.604
20,399,Oaxaca,Santa María Atzompa,0.754
20,400,Oaxaca,Santa María Camotlán,0.63
20,401,Oaxaca,Santa María Colotepec,0.646
20,402,Oaxaca,Santa María Cortijo,0.636
20,403,Oaxaca,Santa María Coyotepec,0.718
20,404,Oaxaca,Santa María Chachoápam,0.644
20,405,Oaxaca,Villa de Chilapa de Díaz,0.621
20,406,Oaxaca,Santa María Chilchotla,0.517
20,407,Oaxaca,Santa María Chimalapa,0.531
20,408,Oaxaca,Santa María del Rosario,0.637
20,409,Oaxaca,Santa María del Tule,0.832
20,410,Oaxaca,Santa María Ecatepec,0.618
20,411,Oaxaca,Santa María Guelacé,0.625
20,412,Oaxaca,Santa María Guienagati,0.52
20,413,Oaxaca,Santa María Huatulco,0.71
20,414,Oaxaca,Santa María Huazolotitlán,0.632
20,415,Oaxaca,Santa María Ipalapa,0.586
20,416,Oaxaca,Santa María Ixcatlán,0.477
20,417,Oaxaca,Santa María Jacatepec,0.605
20,418,Oaxaca,Santa María Jalapa del Marqués,0.697
20,419,Oaxaca,Santa María Jaltianguis,0.62
20,420,Oaxaca,Santa María Lachixío,0.526
20,421,Oaxaca,Santa María Mixtequilla,0.716
20,422,Oaxaca,Santa María Nativitas,0.633
20,423,Oaxaca,Santa María Nduayaco,0.576
20,424,Oaxaca,Santa María Ozolotepec,0.54
20,425,Oaxaca,Santa María Pápalo,0.578
20,426,Oaxaca,Santa María Peñoles,0.523
20,427,Oaxaca,Santa María Petapa,0.671
20,428,Oaxaca,Santa María Quiegolani,0.498
20,429,Oaxaca,Santa María Sola,0.584
20,430,Oaxaca,Santa María Tataltepec,0.583
20,431,Oaxaca,Santa María Tecomavaca,0.661
20,432,Oaxaca,Santa María Temaxcalapa,0.606
20,433,Oaxaca,Santa María Temaxcaltepec,0.491
20,434,Oaxaca,Santa María Teopoxco,0.511
20,435,Oaxaca,Santa María Tepantlali,0.517
20,436,Oaxaca,Santa María Texcatitlán,0.553
20,437,Oaxaca,Santa María Tlahuitoltepec,0.625
20,438,Oaxaca,Santa María Tlalixtac,0.48
20,439,Oaxaca,Santa María Tonameca,0.564
20,440,Oaxaca,Santa María Totolapilla,0.547
20,441,Oaxaca,Santa María Xadani,0.594
20,442,Oaxaca,Santa María Yalina,0.629
20,443,Oaxaca,Santa María Yavesía,0.648
20,444,Oaxaca,Santa María Yolotepec,0.587
20,445,Oaxaca,Santa María Yosoyúa,0.605
20,446,Oaxaca,Santa María Yucuhiti,0.623
20,447,Oaxaca,Santa María Zacatepec,0.584
20,448,Oaxaca,Santa María Zaniza,0.524
20,449,Oaxaca,Santa María Zoquitlán,0.568
20,450,Oaxaca,Santiago Amoltepec,0.483
20,451,Oaxaca,Santiago Apoala,0.482
20,452,Oaxaca,Santiago Apóstol,0.547
20,453,Oaxaca,Santiago Astata,0.654
20,454,Oaxaca,Santiago Atitlán,0.564
20,455,Oaxaca,Santiago Ayuquililla,0.568
20,456,Oaxaca,Santiago Cacaloxtepec,0.574
20,457,Oaxaca,Santiago Camotlán,0.516
20,458,Oaxaca,Santiago Comaltepec,0.625
20,459,Oaxaca,Santiago Chazumba,0.612
20,460,Oaxaca,Santiago Choápam,0.564
20,461,Oaxaca,Santiago del Río,0.525
20,462,Oaxaca,Santiago Huajolotitlán,0.691
20,463,Oaxaca,Santiago Huauclilla,0.518
20,464,Oaxaca,Santiago Ihuitlán Plumas,0.585
20,465,Oaxaca,Santiago Ixcuintepec,0.453
20,466,Oaxaca,Santiago Ixtayutla,0.508
20,467,Oaxaca,Santiago Jamiltepec,0.643
20,468,Oaxaca,Santiago Jocotepec,0.547
20,469,Oaxaca,Santiago Juxtlahuaca,0.599
20,470,Oaxaca,Santiago Lachiguiri,0.563
20,471,Oaxaca,Santiago Lalopa,0.505
20,472,Oaxaca,Santiago Laollaga,0.647
20,473,Oaxaca,Santiago Laxopa,0.604
20,474,Oaxaca,Santiago Llano Grande,0.643
20,475,Oaxaca,Santiago Matatlán,0.6
20,476,Oaxaca,Santiago Miltepec,0.621
20,477,Oaxaca,Santiago Minas,0.492
20,478,Oaxaca,Santiago Nacaltepec,0.588
20,479,Oaxaca,Santiago Nejapilla,0.583
20,480,Oaxaca,Santiago Nundiche,0.588
20,481,Oaxaca,Santiago Nuyoó,0.621
20,482,Oaxaca,Santiago Pinotepa Nacional,0.665
20,483,Oaxaca,Santiago Suchilquitongo,0.695
20,484,Oaxaca,Santiago Tamazola,0.577
20,485,Oaxaca,Santiago Tapextla,0.444
20,486,Oaxaca,Villa Tejúpam de la Unión,0.641
20,487,Oaxaca,Santiago Tenango,0.664
20,488,Oaxaca,Santiago Tepetlapa,0.59
20,489,Oaxaca,Santiago Tetepec,0.577
20,490,Oaxaca,Santiago Texcalcingo,0.458
20,491,Oaxaca,Santiago Textitlán,0.472
20,492,Oaxaca,Santiago Tilantongo,0.557
20,493,Oaxaca,Santiago Tillo,0.677
20,494,Oaxaca,Santiago Tlazoyaltepec,0.498
20,495,Oaxaca,Santiago Xanica,0.521
20,496,Oaxaca,Santiago Xiacuí,0.692
20,497,Oaxaca,Santiago Yaitepec,0.476
20,498,Oaxaca,Santiago Yaveo,0.551
20,499,Oaxaca,Santiago Yolomécatl,0.716
20,500,Oaxaca,Santiago Yosondúa,0.572
20,501,Oaxaca,Santiago Yucuyachi,0.567
20,502,Oaxaca,Santiago Zacatepec,0.555
20,503,Oaxaca,Santiago Zoochila,0.594
20,504,Oaxaca,Nuevo Zoquiápam,0.635
20,505,Oaxaca,Santo Domingo Ingenio,0.706
20,506,Oaxaca,Santo Domingo Albarradas,0.603
20,507,Oaxaca,Santo Domingo Armenta,0.47
20,508,Oaxaca,Santo Domingo Chihuitán,0.702
20,509,Oaxaca,Santo Domingo de Morelos,0.529
20,510,Oaxaca,Santo Domingo Ixcatlán,0.627
20,511,Oaxaca,Santo Domingo Nuxaá,0.558
20,512,Oaxaca,Santo Domingo Ozolotepec,0.503
20,513,Oaxaca,Santo Domingo Petapa,0.597
20,514,Oaxaca,Santo Domingo Roayaga,0.516
20,515,Oaxaca,Santo Domingo Tehuantepec,0.723
20,516,Oaxaca,Santo Domingo Teojomulco,0.551
20,517,Oaxaca,Santo Domingo Tepuxtepec,0.487
20,518,Oaxaca,Santo Domingo Tlatayápam,0.586
20,519,Oaxaca,Santo Domingo Tomaltepec,0.661
20,520,Oaxaca,Santo Domingo Tonalá,0.619
20,521,Oaxaca,Santo Domingo Tonaltepec,0.568
20,522,Oaxaca,Santo Domingo Xagacía,0.576
20,523,Oaxaca,Santo Domingo Yanhuitlán,0.689
20,524,Oaxaca,Santo Domingo Yodohino,0.583
20,525,Oaxaca,Santo Domingo Zanatepec,0.642
20,526,Oaxaca,Santos Reyes Nopala,0.575
20,527,Oaxaca,Santos Reyes Pápalo,0.558
20,528,Oaxaca,Santos Reyes Tepejillo,0.529
20,529,Oaxaca,Santos Reyes Yucuná,0.412
20,530,Oaxaca,Santo Tomás Jalieza,0.624
20,531,Oaxaca,Santo Tomás Mazaltepec,0.627
20,532,Oaxaca,Santo Tomás Ocotepec,0.587
20,533,Oaxaca,Santo Tomás Tamazulapan,0.642
20,534,Oaxaca,San Vicente Coatlán,0.529
20,535,Oaxaca,San Vicente Lachixío,0.576
20,536,Oaxaca,San Vicente Nuñú,0.615
20,537,Oaxaca,Silacayoápam,0.58
20,538,Oaxaca,Sitio de Xitlapehua,0.549
20,539,Oaxaca,Soledad Etla,0.689
20,540,Oaxaca,Villa de Tamazulápam del Progreso,0.72
20,541,Oaxaca,Tanetze de Zaragoza,0.59
20,542,Oaxaca,Taniche,0.523
20,543,Oaxaca,Tataltepec de Valdés,0.484
20,544,Oaxaca,Teococuilco de Marcos Pérez,0.619
20,545,Oaxaca,Teotitlán de Flores Magón,0.734
20,546,Oaxaca,Teotitlán del Valle,0.634
20,547,Oaxaca,Teotongo,0.644
20,548,Oaxaca,Tepelmeme Villa de Morelos,0.601
20,549,Oaxaca,Tezoatlán de Segura y Luna,0.61
20,550,Oaxaca,San Jerónimo Tlacochahuaya,0.687
20,551,Oaxaca,Tlacolula de Matamoros,0.708
20,552,Oaxaca,Tlacotepec Plumas,0.622
20,553,Oaxaca,Tlalixtac de Cabrera,0.721
20,554,Oaxaca,Totontepec Villa de Morelos,0.548
20,555,Oaxaca,Trinidad Zaachila,0.653
20,556,Oaxaca,La Trinidad Vista Hermosa,0.62
20,557,Oaxaca,Unión Hidalgo,0.746
20,558,Oaxaca,Valerio Trujano,0.635
20,559,Oaxaca,San Juan Bautista Valle Nacional,0.635
20,560,Oaxaca,Villa Díaz Ordaz,0.612
20,561,Oaxaca,Yaxe,0.622
20,562,Oaxaca,Magdalena Yodocono de Porfirio Díaz,0.598
20,563,Oaxaca,Yogana,0.432
20,564,Oaxaca,Yutanduchi de Guerrero,0.606
20,565,Oaxaca,Villa de Zaachila,0.681
20,566,Oaxaca,San Mateo Yucutindó,0.562
20,567,Oaxaca,Zapotitlán Lagunas,0.512
20,568,Oaxaca,Zapotitlán Palmas,0.602
20,569,Oaxaca,Santa Inés de Zaragoza,0.597
20,570,Oaxaca,Zimatlán de Álvarez,0.686
21,1,Puebla,Acajete,0.624
21,2,Puebla,Acateno,0.631
21,3,Puebla,Acatlán,0.673
21,4,Puebla,Acatzingo,0.629
21,5,Puebla,Acteopan,0.515
21,6,Puebla,Ahuacatlán,0.53
21,7,Puebla,Ahuatlán,0.545
21,8,Puebla,Ahuazotepec,0.663
21,9,Puebla,Ahuehuetitla,0.638
21,10,Puebla,Ajalpan,0.567
21,11,Puebla,Albino Zertuche,0.535
21,12,Puebla,Aljojuca,0.601
21,13,Puebla,Altepexi,0.623
21,14,Puebla,Amixtlán,0.503
21,15,Puebla,Amozoc,0.693
21,16,Puebla,Aquixtla,0.584
21,17,Puebla,Atempan,0.595
21,18,Puebla,Atexcal,0.613
21,19,Puebla,Atlixco,0.714
21,20,Puebla,Atoyatempan,0.652
21,21,Puebla,Atzala,0.671
21,22,Puebla,Atzitzihuacán,0.554
21,23,Puebla,Atzitzintla,0.493
21,24,Puebla,Axutla,0.562
21,25,Puebla,Ayotoxco de Guerrero,0.647
21,26,Puebla,Calpan,0.585
21,27,Puebla,Caltepec,0.583
21,28,Puebla,Camocuautla,0.532
21,29,Puebla,Caxhuacan,0.606
21,30,Puebla,Coatepec,0.562
21,31,Puebla,Coatzingo,0.552
21,32,Puebla,Cohetzala,0.597
21,33,Puebla,Cohuecan,0.6
21,34,Puebla,Coronango,0.667
21,35,Puebla,Coxcatlán,0.673
21,36,Puebla,Coyomeapan,0.496
21,37,Puebla,Coyotepec,0.627
21,38,Puebla,Cuapiaxtla de Madero,0.634
21,39,Puebla,Cuautempan,0.578
21,40,Puebla,Cuautinchán,0.576
21,41,Puebla,Cuautlancingo,0.75
21,42,Puebla,Cuayuca de Andrade,0.558
21,43,Puebla,Cuetzalan del Progreso,0.603
21,44,Puebla,Cuyoaco,0.594
21,45,Puebla,Chalchicomula de Sesma,0.625
21,46,Puebla,Chapulco,0.621
21,47,Puebla,Chiautla,0.664
21,48,Puebla,Chiautzingo,0.654
21,49,Puebla,Chiconcuautla,0.476
21,50,Puebla,Chichiquila,0.452
21,51,Puebla,Chietla,0.669
21,52,Puebla,Chigmecatitlán,0.601
21,53,Puebla,Chignahuapan,0.628
21,54,Puebla,Chignautla,0.577
21,55,Puebla,Chila,0.633
21,56,Puebla,Chila de la Sal,0.567
21,57,Puebla,Honey,0.549
21,58,Puebla,Chilchotla,0.479
21,59,Puebla,Chinantla,0.642
21,60,Puebla,Domingo Arenas,0.51
21,61,Puebla,Eloxochitlán,0.502
21,62,Puebla,Epatlán,0.633
21,63,Puebla,Esperanza,0.621
21,64,Puebla,Francisco Z. Mena,0.635
21,65,Puebla,General Felipe Ángeles,0.579
21,66,Puebla,Guadalupe,0.549
21,67,Puebla,Guadalupe Victoria,0.601
21,68,Puebla,Hermenegildo Galeana,0.538
21,69,Puebla,Huaquechula,0.592
21,70,Puebla,Huatlatlauca,0.564
21,71,Puebla,Huauchinango,0.688
21,72,Puebla,Huehuetla,0.56
21,73,Puebla,Huehuetlán el Chico,0.631
21,74,Puebla,Huejotzingo,0.7
21,75,Puebla,Hueyapan,0.629
21,76,Puebla,Hueytamalco,0.573
21,77,Puebla,Hueytlalpan,0.519
21,78,Puebla,Huitzilan de Serdán,0.529
21,79,Puebla,Huitziltepec,0.663
21,80,Puebla,Atlequizayan,0.566
21,81,Puebla,Ixcamilpa de Guerrero,0.568
21,82,Puebla,Ixcaquixtla,0.707
21,83,Puebla,Ixtacamaxtitlán,0.591
21,84,Puebla,Ixtepec,0.522
21,85,Puebla,Izúcar de Matamoros,0.684
21,86,Puebla,Jalpan,0.607
21,87,Puebla,Jolalpan,0.55
21,88,Puebla,Jonotla,0.595
21,89,Puebla,Jopala,0.551
21,90,Puebla,Juan C. Bonilla,0.688
21,91,Puebla,Juan Galindo,0.697
21,92,Puebla,Juan N. Méndez,0.56
21,93,Puebla,Lafragua,0.529
21,94,Puebla,Libres,0.628
21,95,Puebla,La Magdalena Tlatlauquitepec,0.649
21,96,Puebla,Mazapiltepec de Juárez,0.557
21,97,Puebla,Mixtla,0.714
21,98,Puebla,Molcaxac,0.629
21,99,Puebla,Cañada Morelos,0.531
21,100,Puebla,Naupan,0.512
21,101,Puebla,Nauzontla,0.581
21,102,Puebla,Nealtican,0.603
21,103,Puebla,Nicolás Bravo,0.607
21,104,Puebla,Nopalucan,0.609
21,105,Puebla,Ocotepec,0.584
21,106,Puebla,Ocoyucan,0.591
21,107,Puebla,Olintla,0.54
21,108,Puebla,Oriental,0.621
21,109,Puebla,Pahuatlán,0.582
21,110,Puebla,Palmar de Bravo,0.554
21,111,Puebla,Pantepec,0.622
21,112,Puebla,Petlalcingo,0.621
21,113,Puebla,Piaxtla,0.601
21,114,Puebla,Puebla,0.793
21,115,Puebla,Quecholac,0.562
21,116,Puebla,Quimixtlán,0.471
21,117,Puebla,Rafael Lara Grajales,0.649
21,118,Puebla,Los Reyes de Juárez,0.582
21,119,Puebla,San Andrés Cholula,0.74
21,120,Puebla,San Antonio Cañada,0.506
21,121,Puebla,San Diego la Mesa Tochimiltzingo,0.54
21,122,Puebla,San Felipe Teotlalcingo,0.659
21,123,Puebla,San Felipe Tepatlán,0.523
21,124,Puebla,San Gabriel Chilac,0.64
21,125,Puebla,San Gregorio Atzompa,0.718
21,126,Puebla,San Jerónimo Tecuanipan,0.601
21,127,Puebla,San Jerónimo Xayacatlán,0.62
21,128,Puebla,San José Chiapa,0.578
21,129,Puebla,San José Miahuatlán,0.561
21,130,Puebla,San Juan Atenco,0.6
21,131,Puebla,San Juan Atzompa,0.595
21,132,Puebla,San Martín Texmelucan,0.711
21,133,Puebla,San Martín Totoltepec,0.623
21,134,Puebla,San Matías Tlalancaleca,0.642
21,135,Puebla,San Miguel Ixitlán,0.587
21,136,Puebla,San Miguel Xoxtla,0.738
21,137,Puebla,San Nicolás Buenos Aires,0.583
21,138,Puebla,San Nicolás de los Ranchos,0.627
21,139,Puebla,San Pablo Anicano,0.635
21,140,Puebla,San Pedro Cholula,0.76
21,141,Puebla,San Pedro Yeloixtlahuaca,0.645
21,142,Puebla,San Salvador el Seco,0.621
21,143,Puebla,San Salvador el Verde,0.666
21,144,Puebla,San Salvador Huixcolotla,0.644
21,145,Puebla,San Sebastián Tlacotepec,0.542
21,146,Puebla,Santa Catarina Tlaltempan,0.566
21,147,Puebla,Santa Inés Ahuatempan,0.57
21,148,Puebla,Santa Isabel Cholula,0.603
21,149,Puebla,Santiago Miahuatlán,0.664
21,150,Puebla,Huehuetlán el Grande,0.539
21,151,Puebla,Santo Tomás Hueyotlipan,0.652
21,152,Puebla,Soltepec,0.604
21,153,Puebla,Tecali de Herrera,0.674
21,154,Puebla,Tecamachalco,0.679
21,155,Puebla,Tecomatlán,0.636
21,156,Puebla,Tehuacán,0.72
21,157,Puebla,Tehuitzingo,0.639
21,158,Puebla,Tenampulco,0.634
21,159,Puebla,Teopantlán,0.424
21,160,Puebla,Teotlalco,0.62
21,161,Puebla,Tepanco de López,0.658
21,162,Puebla,Tepango de Rodríguez,0.52
21,163,Puebla,Tepatlaxco de Hidalgo,0.606
21,164,Puebla,Tepeaca,0.666
21,165,Puebla,Tepemaxalco,0.503
21,166,Puebla,Tepeojuma,0.612
21,167,Puebla,Tepetzintla,0.5
21,168,Puebla,Tepexco,0.589
21,169,Puebla,Tepexi de Rodríguez,0.624
21,170,Puebla,Tepeyahualco,0.555
21,171,Puebla,Tepeyahualco de Cuauhtémoc,0.695
21,172,Puebla,Tetela de Ocampo,0.608
21,173,Puebla,Teteles de Avila Castillo,0.765
21,174,Puebla,Teziutlán,0.718
21,175,Puebla,Tianguismanalco,0.617
21,176,Puebla,Tilapa,0.674
21,177,Puebla,Tlacotepec de Benito Juárez,0.597
21,178,Puebla,Tlacuilotepec,0.551
21,179,Puebla,Tlachichuca,0.589
21,180,Puebla,Tlahuapan,0.611
21,181,Puebla,Tlaltenango,0.664
21,182,Puebla,Tlanepantla,0.652
21,183,Puebla,Tlaola,0.551
21,184,Puebla,Tlapacoya,0.512
21,185,Puebla,Tlapanalá,0.596
21,186,Puebla,Tlatlauquitepec,0.671
21,187,Puebla,Tlaxco,0.569
21,188,Puebla,Tochimilco,0.583
21,189,Puebla,Tochtepec,0.656
21,190,Puebla,Totoltepec de Guerrero,0.663
21,191,Puebla,Tulcingo,0.557
21,192,Puebla,Tuzamapan de Galeana,0.644
21,193,Puebla,Tzicatlacoyan,0.511
21,194,Puebla,Venustiano Carranza,0.648
21,195,Puebla,Vicente Guerrero,0.508
21,196,Puebla,Xayacatlán de Bravo,0.681
21,197,Puebla,Xicotepec,0.648
21,198,Puebla,Xicotlán,0.591
21,199,Puebla,Xiutetelco,0.549
21,200,Puebla,Xochiapulco,0.603
21,201,Puebla,Xochiltepec,0.589
21,202,Puebla,Xochitlán de Vicente Suárez,0.562
21,203,Puebla,Xochitlán Todos Santos,0.62
21,204,Puebla,Yaonáhuac,0.689
21,205,Puebla,Yehualtepec,0.615
21,206,Puebla,Zacapala,0.589
21,207,Puebla,Zacapoaxtla,0.636
21,208,Puebla,Zacatlán,0.67
21,209,Puebla,Zapotitlán,0.663
21,210,Puebla,Zapotitlán de Méndez,0.621
21,211,Puebla,Zaragoza,0.76
21,212,Puebla,Zautla,0.583
21,213,Puebla,Zihuateutla,0.569
21,214,Puebla,Zinacatepec,0.618
21,215,Puebla,Zongozotla,0.623
21,216,Puebla,Zoquiapan,0.567
21,217,Puebla,Zoquitlán,0.509
22,1,Querétaro,Amealco de Bonfil,0.612
22,2,Querétaro,Pinal de Amoles,0.583
22,3,Querétaro,Arroyo Seco,0.622
22,4,Querétaro,Cadereyta de Montes,0.643
22,5,Querétaro,Colón,0.636
22,6,Querétaro,Corregidora,0.868
22,7,Querétaro,Ezequiel Montes,0.679
22,8,Querétaro,Huimilpan,0.614
22,9,Querétaro,Jalpan de Serra,0.693
22,10,Querétaro,Landa de Matamoros,0.596
22,11,Querétaro,El Marqués,0.671
22,12,Querétaro,Pedro Escobedo,0.707
22,13,Querétaro,Peñamiller,0.637
22,14,Querétaro,Querétaro,0.799
22,15,Querétaro,San Joaquín,0.595
22,16,Querétaro,San Juan del Río,0.747
22,17,Querétaro,Tequisquiapan,0.721
22,18,Querétaro,Tolimán,0.666
23,1,Quintana Roo,Cozumel,0.765
23,2,Quintana Roo,Felipe Carrillo Puerto,0.667
23,3,Quintana Roo,Isla Mujeres,0.687
23,4,Quintana Roo,Othón P. Blanco,0.748
23,5,Quintana Roo,Benito Juárez,0.781
23,6,Quintana Roo,José María Morelos,0.63
23,7,Quintana Roo,Lázaro Cárdenas,0.615
23,8,Quintana Roo,Solidaridad,0.77
23,9,Quintana Roo,Tulum,0.681
24,1,San Luis Potosí,Ahualulco,0.617
24,2,San Luis Potosí,Alaquines,0.594
24,3,San Luis Potosí,Aquismón,0.577
24,4,San Luis Potosí,Armadillo de los Infante,0.583
24,5,San Luis Potosí,Cárdenas,0.714
24,6,San Luis Potosí,Catorce,0.629
24,7,San Luis Potosí,Cedral,0.682
24,8,San Luis Potosí,Cerritos,0.687
24,9,San Luis Potosí,Cerro de San Pedro,0.711
24,10,San Luis Potosí,Ciudad del Maíz,0.646
24,11,San Luis Potosí,Ciudad Fernández,0.698
24,12,San Luis Potosí,Tancanhuitz,0.679
24,13,San Luis Potosí,Ciudad Valles,0.765
24,14,San Luis Potosí,Coxcatlán,0.636
24,15,San Luis Potosí,Charcas,0.646
24,16,San Luis Potosí,Ebano,0.679
24,17,San Luis Potosí,Guadalcázar,0.576
24,18,San Luis Potosí,Huehuetlán,0.652
24,19,San Luis Potosí,Lagunillas,0.577
24,20,San Luis Potosí,Matehuala,0.74
24,21,San Luis Potosí,Mexquitic de Carmona,0.63
24,22,San Luis Potosí,Moctezuma,0.599
24,23,San Luis Potosí,Rayón,0.641
24,24,San Luis Potosí,Rioverde,0.685
24,25,San Luis Potosí,Salinas,0.658
24,26,San Luis Potosí,San Antonio,0.598
24,27,San Luis Potosí,San Ciro de Acosta,0.665
24,28,San Luis Potosí,San Luis Potosí,0.798
24,29,San Luis Potosí,San Martín Chalchicuautla,0.622
24,30,San Luis Potosí,San Nicolás Tolentino,0.606
24,31,San Luis Potosí,Santa Catarina,0.484
24,32,San Luis Potosí,Santa María del Río,0.646
24,33,San Luis Potosí,Santo Domingo,0.594
24,34,San Luis Potosí,San Vicente Tancuayalab,0.662
24,35,San Luis Potosí,Soledad de Graciano Sánchez,0.76
24,36,San Luis Potosí,Tamasopo,0.63
24,37,San Luis Potosí,Tamazunchale,0.674
24,38,San Luis Potosí,Tampacán,0.661
24,39,San Luis Potosí,Tampamolón Corona,0.637
24,40,San Luis Potosí,Tamuín,0.687
24,41,San Luis Potosí,Tanlajás,0.614
24,42,San Luis Potosí,Tanquián de Escobedo,0.667
24,43,San Luis Potosí,Tierra Nueva,0.609
24,44,San Luis Potosí,Vanegas,0.639
24,45,San Luis Potosí,Venado,0.661
24,46,San Luis Potosí,Villa de Arriaga,0.603
24,47,San Luis Potosí,Villa de Guadalupe,0.57
24,48,San Luis Potosí,Villa de la Paz,0.667
24,49,San Luis Potosí,Villa de Ramos,0.564
24,50,San Luis Potosí,Villa de Reyes,0.628
24,51,San Luis Potosí,Villa Hidalgo,0.648
24,52,San Luis Potosí,Villa Juárez,0.616
24,53,San Luis Potosí,Axtla de Terrazas,0.683
24,54,San Luis Potosí,Xilitla,0.619
24,55,San Luis Potosí,Zaragoza,0.633
24,56,San Luis Potosí,Villa de Arista,0.644
24,57,San Luis Potosí,Matlapa,0.631
24,58,San Luis Potosí,El Naranjo,0.683
25,1,Sinaloa,Ahome,0.786
25,2,Sinaloa,Angostura,0.732
25,3,Sinaloa,Badiraguato,0.608
25,4,Sinaloa,Concordia,0.687
25,5,Sinaloa,Cosalá,0.64
25,6,Sinaloa,Culiacán,0.792
25,7,Sinaloa,Choix,0.618
25,8,Sinaloa,Elota,0.679
25,9,Sinaloa,Escuinapa,0.736
25,10,Sinaloa,El Fuerte,0.72
25,11,Sinaloa,Guasave,0.754
25,12,Sinaloa,Mazatlán,0.781
25,13,Sinaloa,Mocorito,0.658
25,14,Sinaloa,Rosario,0.687
25,15,Sinaloa,Salvador Alvarado,0.789
25,16,Sinaloa,San Ignacio,0.686
25,17,Sinaloa,Sinaloa,0.665
25,18,Sinaloa,Navolato,0.725
26,1,Sonora,Aconchi,0.71
26,2,Sonora,Agua Prieta,0.738
26,3,Sonora,Alamos,0.678
26,4,Sonora,Altar,0.698
26,5,Sonora,Arivechi,0.695
26,6,Sonora,Arizpe,0.699
26,7,Sonora,Atil,0.707
26,8,Sonora,Bacadéhuachi,0.689
26,9,Sonora,Bacanora,0.652
26,10,Sonora,Bacerac,0.673
26,11,Sonora,Bacoachi,0.712
26,12,Sonora,Bácum,0.704
26,13,Sonora,Banámichi,0.605
26,14,Sonora,Baviácora,0.712
26,15,Sonora,Bavispe,0.688
26,16,Sonora,Benjamín Hill,0.739
26,17,Sonora,Caborca,0.731
26,18,Sonora,Cajeme,0.796
26,19,Sonora,Cananea,0.776
26,20,Sonora,Carbó,0.697
26,21,Sonora,La Colorada,0.685
26,22,Sonora,Cucurpe,0.658
26,23,Sonora,Cumpas,0.756
26,24,Sonora,Divisaderos,0.717
26,25,Sonora,Empalme,0.767
26,26,Sonora,Etchojoa,0.722
26,27,Sonora,Fronteras,0.708
26,28,Sonora,Granados,0.729
26,29,Sonora,Guaymas,0.77
26,30,Sonora,Hermosillo,0.81
26,31,Sonora,Huachinera,0.678
26,32,Sonora,Huásabas,0.709
26,33,Sonora,Huatabampo,0.738
26,34,Sonora,Huépac,0.749
26,35,Sonora,Imuris,0.72
26,36,Sonora,Magdalena,0.74
26,37,Sonora,Mazatán,0.72
26,38,Sonora,Moctezuma,0.759
26,39,Sonora,Naco,0.745
26,40,Sonora,Nácori Chico,0.667
26,41,Sonora,Nacozari de García,0.749
26,42,Sonora,Navojoa,0.774
26,43,Sonora,Nogales,0.779
26,44,Sonora,Onavas,0.53
26,45,Sonora,Opodepe,0.639
26,46,Sonora,Oquitoa,0.714
26,47,Sonora,Pitiquito,0.742
26,48,Sonora,Puerto Peñasco,0.763
26,49,Sonora,Quiriego,0.654
26,50,Sonora,Rayón,0.708
26,51,Sonora,Rosario,0.645
26,52,Sonora,Sahuaripa,0.702
26,53,Sonora,San Felipe de Jesús,0.636
26,54,Sonora,San Javier,0.708
26,55,Sonora,San Luis Río Colorado,0.753
26,56,Sonora,San Miguel de Horcasitas,0.628
26,57,Sonora,San Pedro de la Cueva,0.692
26,58,Sonora,Santa Ana,0.758
26,59,Sonora,Santa Cruz,0.687
26,60,Sonora,Sáric,0.668
26,61,Sonora,Soyopa,0.675
26,62,Sonora,Suaqui Grande,0.668
26,63,Sonora,Tepache,0.683
26,64,Sonora,Trincheras,0.675
26,65,Sonora,Tubutama,0.67
26,66,Sonora,Ures,0.745
26,67,Sonora,Villa Hidalgo,0.663
26,68,Sonora,Villa Pesqueira,0.707
26,69,Sonora,Yécora,0.633
26,70,Sonora,General Plutarco Elías Calles,0.702
26,71,Sonora,Benito Juárez,0.724
26,72,Sonora,San Ignacio Río Muerto,0.716
27,1,Tabasco,Balancán,0.683
27,2,Tabasco,Cárdenas,0.707
27,3,Tabasco,Centla,0.702
27,4,Tabasco,Centro,0.819
27,5,Tabasco,Comalcalco,0.691
27,6,Tabasco,Cunduacán,0.711
27,7,Tabasco,Emiliano Zapata,0.741
27,8,Tabasco,Huimanguillo,0.681
27,9,Tabasco,Jalapa,0.721
27,10,Tabasco,Jalpa de Méndez,0.735
27,11,Tabasco,Jonuta,0.668
27,12,Tabasco,Macuspana,0.71
27,13,Tabasco,Nacajuca,0.752
27,14,Tabasco,Paraíso,0.729
27,15,Tabasco,Tacotalpa,0.675
27,16,Tabasco,Teapa,0.686
27,17,Tabasco,Tenosique,0.688
28,1,Tamaulipas,Abasolo,0.658
28,2,Tamaulipas,Aldama,0.692
28,3,Tamaulipas,Altamira,0.738
28,4,Tamaulipas,Antiguo Morelos,0.667
28,5,Tamaulipas,Burgos,0.639
28,6,Tamaulipas,Bustamante,0.59
28,7,Tamaulipas,Camargo,0.696
28,8,Tamaulipas,Casas,0.618
28,9,Tamaulipas,Ciudad Madero,0.828
28,10,Tamaulipas,Cruillas,0.603
28,11,Tamaulipas,Gómez Farías,0.66
28,12,Tamaulipas,González,0.663
28,13,Tamaulipas,Güémez,0.669
28,14,Tamaulipas,Guerrero,0.662
28,15,Tamaulipas,Gustavo Díaz Ordaz,0.718
28,16,Tamaulipas,Hidalgo,0.686
28,17,Tamaulipas,Jaumave,0.676
28,18,Tamaulipas,Jiménez,0.705
28,19,Tamaulipas,Llera,0.657
28,20,Tamaulipas,Mainero,0.656
28,21,Tamaulipas,El Mante,0.763
28,22,Tamaulipas,Matamoros,0.757
28,23,Tamaulipas,Méndez,0.659
28,24,Tamaulipas,Mier,0.738
28,25,Tamaulipas,Miguel Alemán,0.725
28,26,Tamaulipas,Miquihuana,0.572
28,27,Tamaulipas,Nuevo Laredo,0.754
28,28,Tamaulipas,Nuevo Morelos,0.674
28,29,Tamaulipas,Ocampo,0.64
28,30,Tamaulipas,Padilla,0.709
28,31,Tamaulipas,Palmillas,0.644
28,32,Tamaulipas,Reynosa,0.746
28,33,Tamaulipas,Río Bravo,0.724
28,34,Tamaulipas,San Carlos,0.631
28,35,Tamaulipas,San Fernando,0.697
28,36,Tamaulipas,San Nicolás,0.603
28,37,Tamaulipas,Soto la Marina,0.661
28,38,Tamaulipas,Tampico,0.818
28,39,Tamaulipas,Tula,0.652
28,40,Tamaulipas,Valle Hermoso,0.74
28,41,Tamaulipas,Victoria,0.823
28,42,Tamaulipas,Villagrán,0.662
28,43,Tamaulipas,Xicoténcatl,0.722
29,1,Tlaxcala,Amaxac de Guerrero,0.77
29,2,Tlaxcala,Apetatitlán de Antonio Carvajal,0.788
29,3,Tlaxcala,Atlangatepec,0.664
29,4,Tlaxcala,Atltzayanca,0.658
29,5,Tlaxcala,Apizaco,0.787
29,6,Tlaxcala,Calpulalpan,0.699
29,7,Tlaxcala,El Carmen Tequexquitla,0.607
29,8,Tlaxcala,Cuapiaxtla,0.647
29,9,Tlaxcala,Cuaxomulco,0.728
29,10,Tlaxcala,Chiautempan,0.75
29,11,Tlaxcala,Muñoz de Domingo Arenas,0.705
29,12,Tlaxcala,Españita,0.589
29,13,Tlaxcala,Huamantla,0.695
29,14,Tlaxcala,Hueyotlipan,0.598
29,15,Tlaxcala,Ixtacuixtla de Mariano Matamoros,0.727
29,16,Tlaxcala,Ixtenco,0.705
29,17,Tlaxcala,Mazatecochco de José María Morelos,0.685
29,18,Tlaxcala,Contla de Juan Cuamatzi,0.72
29,19,Tlaxcala,Tepetitla de Lardizábal,0.745
29,20,Tlaxcala,Sanctórum de Lázaro Cárdenas,0.672
29,21,Tlaxcala,Nanacamilpa de Mariano Arista,0.691
29,22,Tlaxcala,Acuamanala de Miguel Hidalgo,0.716
29,23,Tlaxcala,Natívitas,0.709
29,24,Tlaxcala,Panotla,0.761
29,25,Tlaxcala,San Pablo del Monte,0.65
29,26,Tlaxcala,Santa Cruz Tlaxcala,0.73
29,27,Tlaxcala,Tenancingo,0.699
29,28,Tlaxcala,Teolocholco,0.71
29,29,Tlaxcala,Tepeyanco,0.741
29,30,Tlaxcala,Terrenate,0.648
29,31,Tlaxcala,Tetla de la Solidaridad,0.714
29,32,Tlaxcala,Tetlatlahuca,0.72
29,33,Tlaxcala,Tlaxcala,0.832
29,34,Tlaxcala,Tlaxco,0.637
29,35,Tlaxcala,Tocatlán,0.684
29,36,Tlaxcala,Totolac,0.815
29,37,Tlaxcala,Ziltlaltépec de Trinidad Sánchez Santos,0.617
29,38,Tlaxcala,Tzompantepec,0.743
29,39,Tlaxcala,Xaloztoc,0.658
29,40,Tlaxcala,Xaltocan,0.683
29,41,Tlaxcala,Papalotla de Xicohténcatl,0.731
29,42,Tlaxcala,Xicohtzinco,0.746
29,43,Tlaxcala,Yauhquemehcan,0.767
29,44,Tlaxcala,Zacatelco,0.704
29,45,Tlaxcala,Benito Juárez,0.611
29,46,Tlaxcala,Emiliano Zapata,0.653
29,47,Tlaxcala,Lázaro Cárdenas,0.624
29,48,Tlaxcala,La Magdalena Tlaltelulco,0.711
29,49,Tlaxcala,San Damián Texóloc,0.762
29,50,Tlaxcala,San Francisco Tetlanohcan,0.707
29,51,Tlaxcala,San Jerónimo Zacualpan,0.743
29,52,Tlaxcala,San José Teacalco,0.65
29,53,Tlaxcala,San Juan Huactzinco,0.757
29,54,Tlaxcala,San Lorenzo Axocomanitla,0.702
29,55,Tlaxcala,San Lucas Tecopilco,0.7
29,56,Tlaxcala,Santa Ana Nopalucan,0.722
29,57,Tlaxcala,Santa Apolonia Teacalco,0.769
29,58,Tlaxcala,Santa Catarina Ayometla,0.724
29,59,Tlaxcala,Santa Cruz Quilehtla,0.664
29,60,Tlaxcala,Santa Isabel Xiloxoxtla,0.691
30,1,Veracruz,Acajete,0.633
30,2,Veracruz,Acatlán,0.667
30,3,Veracruz,Acayucan,0.67
30,4,Veracruz,Actopan,0.665
30,5,Veracruz,Acula,0.655
30,6,Veracruz,Acultzingo,0.627
30,7,Veracruz,Camarón de Tejeda,0.62
30,8,Veracruz,Alpatláhuac,0.542
30,9,Veracruz,Alto Lucero de Gutiérrez Barrios,0.632
30,10,Veracruz,Altotonga,0.592
30,11,Veracruz,Alvarado,0.707
30,12,Veracruz,Amatitlán,0.672
30,13,Veracruz,Naranjos Amatlán,0.78
30,14,Veracruz,Amatlán de los Reyes,0.695
30,15,Veracruz,Angel R. Cabada,0.646
30,16,Veracruz,La Antigua,0.734
30,17,Veracruz,Apazapan,0.669
30,18,Veracruz,Aquila,0.497
30,19,Veracruz,Astacinga,0.509
30,20,Veracruz,Atlahuilco,0.494
30,21,Veracruz,Atoyac,0.684
30,22,Veracruz,Atzacan,0.61
30,23,Veracruz,Atzalan,0.567
30,24,Veracruz,Tlaltetela,0.568
30,25,Veracruz,Ayahualulco,0.476
30,26,Veracruz,Banderilla,0.74
30,27,Veracruz,Benito Juárez,0.613
30,28,Veracruz,Boca del Río,0.804
30,29,Veracruz,Calcahualco,0.414
30,30,Veracruz,Camerino Z. Mendoza,0.744
30,31,Veracruz,Carrillo Puerto,0.582
30,32,Veracruz,Catemaco,0.677
30,33,Veracruz,Cazones de Herrera,0.633
30,34,Veracruz,Cerro Azul,0.751
30,35,Veracruz,Citlaltépetl,0.625
30,36,Veracruz,Coacoatzintla,0.627
30,37,Veracruz,Coahuitlán,0.511
30,38,Veracruz,Coatepec,0.734
30,39,Veracruz,Coatzacoalcos,0.787
30,40,Veracruz,Coatzintla,0.742
30,41,Veracruz,Coetzala,0.6
30,42,Veracruz,Colipa,0.606
30,43,Veracruz,Comapa,0.539
30,44,Veracruz,Córdoba,0.761
30,45,Veracruz,Cosamaloapan de Carpio,0.707
30,46,Veracruz,Cosautlán de Carvajal,0.594
30,47,Veracruz,Coscomatepec,0.521
30,48,Veracruz,Cosoleacaque,0.769
30,49,Veracruz,Cotaxtla,0.606
30,50,Veracruz,Coxquihui,0.592
30,51,Veracruz,Coyutla,0.577
30,52,Veracruz,Cuichapa,0.64
30,53,Veracruz,Cuitláhuac,0.68
30,54,Veracruz,Chacaltianguis,0.669
30,55,Veracruz,Chalma,0.671
30,56,Veracruz,Chiconamel,0.605
30,57,Veracruz,Chiconquiaco,0.525
30,58,Veracruz,Chicontepec,0.68
30,59,Veracruz,Chinameca,0.694
30,60,Veracruz,Chinampa de Gorostiza,0.632
30,61,Veracruz,Las Choapas,0.618
30,62,Veracruz,Chocamán,0.622
30,63,Veracruz,Chontla,0.639
30,64,Veracruz,Chumatlán,0.606
30,65,Veracruz,Emiliano Zapata,0.785
30,66,Veracruz,Espinal,0.658
30,67,Veracruz,Filomeno Mata,0.511
30,68,Veracruz,Fortín,0.772
30,69,Veracruz,Gutiérrez Zamora,0.71
30,70,Veracruz,Hidalgotitlán,0.574
30,71,Veracruz,Huatusco,0.678
30,72,Veracruz,Huayacocotla,0.632
30,73,Veracruz,Hueyapan de Ocampo,0.637
30,74,Veracruz,Huiloapan de Cuauhtémoc,0.727
30,75,Veracruz,Ignacio de la Llave,0.61
30,76,Veracruz,Ilamatlán,0.494
30,77,Veracruz,Isla,0.678
30,78,Veracruz,Ixcatepec,0.637
30,79,Veracruz,Ixhuacán de los Reyes,0.524
30,80,Veracruz,Ixhuatlán del Café,0.606
30,81,Veracruz,Ixhuatlancillo,0.636
30,82,Veracruz,Ixhuatlán del Sureste,0.677
30,83,Veracruz,Ixhuatlán de Madero,0.601
30,84,Veracruz,Ixmatlahuacan,0.65
30,85,Veracruz,Ixtaczoquitlán,0.736
30,86,Veracruz,Jalacingo,0.548
30,87,Veracruz,Xalapa,0.817
30,88,Veracruz,Jalcomulco,0.619
30,89,Veracruz,Jáltipan,0.72
30,90,Veracruz,Jamapa,0.659
30,91,Veracruz,Jesús Carranza,0.617
30,92,Veracruz,Xico,0.648
30,93,Veracruz,Jilotepec,0.706
30,94,Veracruz,Juan Rodríguez Clara,0.645
30,95,Veracruz,Juchique de Ferrer,0.593
30,96,Veracruz,Landero y Coss,0.581
30,97,Veracruz,Lerdo de Tejada,0.738
30,98,Veracruz,Magdalena,0.593
30,99,Veracruz,Maltrata,0.616
30,100,Veracruz,Manlio Fabio Altamirano,0.651
30,101,Veracruz,Mariano Escobedo,0.625
30,102,Veracruz,Martínez de la Torre,0.711
30,103,Veracruz,Mecatlán,0.545
30,104,Veracruz,Mecayapan,0.55
30,105,Veracruz,Medellín,0.715
30,106,Veracruz,Miahuatlán,0.617
30,107,Veracruz,Las Minas,0.468
30,108,Veracruz,Minatitlán,0.747
30,109,Veracruz,Misantla,0.669
30,110,Veracruz,Mixtla de Altamirano,0.439
30,111,Veracruz,Moloacán,0.655
30,112,Veracruz,Naolinco,0.692
30,113,Veracruz,Naranjal,0.628
30,114,Veracruz,Nautla,0.65
30,115,Veracruz,Nogales,0.707
30,116,Veracruz,Oluta,0.7
30,117,Veracruz,Omealca,0.634
30,118,Veracruz,Orizaba,0.838
30,119,Veracruz,Otatitlán,0.71
30,120,Veracruz,Oteapan,0.667
30,121,Veracruz,Ozuluama de Mascareñas,0.631
30,122,Veracruz,Pajapan,0.561
30,123,Veracruz,Pánuco,0.712
30,124,Veracruz,Papantla,0.694
30,125,Veracruz,Paso del Macho,0.657
30,126,Veracruz,Paso de Ovejas,0.695
30,127,Veracruz,La Perla,0.417
30,128,Veracruz,Perote,0.644
30,129,Veracruz,Platón Sánchez,0.668
30,130,Veracruz,Playa Vicente,0.62
30,131,Veracruz,Poza Rica de Hidalgo,0.819
30,132,Veracruz,Las Vigas de Ramírez,0.619
30,133,Veracruz,Pueblo Viejo,0.712
30,134,Veracruz,Puente Nacional,0.68
30,135,Veracruz,Rafael Delgado,0.653
30,136,Veracruz,Rafael Lucio,0.692
30,137,Veracruz,Los Reyes,0.546
30,138,Veracruz,Río Blanco,0.796
30,139,Veracruz,Saltabarranca,0.612
30,140,Veracruz,San Andrés Tenejapan,0.582
30,141,Veracruz,San Andrés Tuxtla,0.647
30,142,Veracruz,San Juan Evangelista,0.629
30,143,Veracruz,Santiago Tuxtla,0.628
30,144,Veracruz,Sayula de Alemán,0.642
30,145,Veracruz,Soconusco,0.738
30,146,Veracruz,Sochiapa,0.567
30,147,Veracruz,Soledad Atzompa,0.512
30,148,Veracruz,Soledad de Doblado,0.642
30,149,Veracruz,Soteapan,0.54
30,150,Veracruz,Tamalín,0.657
30,151,Veracruz,Tamiahua,0.62
30,152,Veracruz,Tampico Alto,0.675
30,153,Veracruz,Tancoco,0.654
30,154,Veracruz,Tantima,0.615
30,155,Veracruz,Tantoyuca,0.667
30,156,Veracruz,Tatatila,0.543
30,157,Veracruz,Castillo de Teayo,0.648
30,158,Veracruz,Tecolutla,0.648
30,159,Veracruz,Tehuipango,0.438
30,160,Veracruz,Álamo Temapache,0.664
30,161,Veracruz,Tempoal,0.668
30,162,Veracruz,Tenampa,0.598
30,163,Veracruz,Tenochtitlán,0.565
30,164,Veracruz,Teocelo,0.691
30,165,Veracruz,Tepatlaxco,0.56
30,166,Veracruz,Tepetlán,0.569
30,167,Veracruz,Tepetzintla,0.643
30,168,Veracruz,Tequila,0.569
30,169,Veracruz,José Azueta,0.619
30,170,Veracruz,Texcatepec,0.52
30,171,Veracruz,Texhuacán,0.54
30,172,Veracruz,Texistepec,0.619
30,173,Veracruz,Tezonapa,0.619
30,174,Veracruz,Tierra Blanca,0.703
30,175,Veracruz,Tihuatlán,0.674
30,176,Veracruz,Tlacojalpan,0.668
30,177,Veracruz,Tlacolulan,0.559
30,178,Veracruz,Tlacotalpan,0.714
30,179,Veracruz,Tlacotepec de Mejía,0.63
30,180,Veracruz,Tlachichilco,0.564
30,181,Veracruz,Tlalixcoyan,0.673
30,182,Veracruz,Tlalnelhuayocan,0.676
30,183,Veracruz,Tlapacoyan,0.624
30,184,Veracruz,Tlaquilpa,0.528
30,185,Veracruz,Tlilapan,0.662
30,186,Veracruz,Tomatlán,0.702
30,187,Veracruz,Tonayán,0.534
30,188,Veracruz,Totutla,0.604
30,189,Veracruz,Tuxpan,0.76
30,190,Veracruz,Tuxtilla,0.67
30,191,Veracruz,Ursulo Galván,0.749
30,192,Veracruz,Vega de Alatorre,0.682
30,193,Veracruz,Veracruz,0.797
30,194,Veracruz,Villa Aldama,0.576
30,195,Veracruz,Xoxocotla,0.539
30,196,Veracruz,Yanga,0.682
30,197,Veracruz,Yecuatla,0.576
30,198,Veracruz,Zacualpan,0.542
30,199,Veracruz,Zaragoza,0.596
30,200,Veracruz,Zentla,0.612
30,201,Veracruz,Zongolica,0.593
30,202,Veracruz,Zontecomatlán de López y Fuentes,0.531
30,203,Veracruz,Zozocolco de Hidalgo,0.58
30,204,Veracruz,Agua Dulce,0.742
30,205,Veracruz,El Higo,0.713
30,206,Veracruz,Nanchital de Lázaro Cárdenas del Río,0.784
30,207,Veracruz,Tres Valles,0.676
30,208,Veracruz,Carlos A. Carrillo,0.682
30,209,Veracruz,Tatahuicapan de Juárez,0.582
30,210,Veracruz,Uxpanapa,0.59
30,211,Veracruz,San Rafael,0.69
30,212,Veracruz,Santiago Sochiapan,0.569
31,1,Yucatán,Abalá,0.617
31,2,Yucatán,Acanceh,0.682
31,3,Yucatán,Akil,0.626
31,4,Yucatán,Baca,0.718
31,5,Yucatán,Bokobá,0.672
31,6,Yucatán,Buctzotz,0.617
31,7,Yucatán,Cacalchén,0.689
31,8,Yucatán,Calotmul,0.616
31,9,Yucatán,Cansahcab,0.698
31,10,Yucatán,Cantamayec,0.546
31,11,Yucatán,Celestún,0.642
31,12,Yucatán,Cenotillo,0.624
31,13,Yucatán,Conkal,0.723
31,14,Yucatán,Cuncunul,0.626
31,15,Yucatán,Cuzamá,0.647
31,16,Yucatán,Chacsinkín,0.587
31,17,Yucatán,Chankom,0.568
31,18,Yucatán,Chapab,0.638
31,19,Yucatán,Chemax,0.522
31,20,Yucatán,Chicxulub Pueblo,0.702
31,21,Yucatán,Chichimilá,0.593
31,22,Yucatán,Chikindzonot,0.598
31,23,Yucatán,Chocholá,0.684
31,24,Yucatán,Chumayel,0.604
31,25,Yucatán,Dzán,0.663
31,26,Yucatán,Dzemul,0.704
31,27,Yucatán,Dzidzantún,0.743
31,28,Yucatán,Dzilam de Bravo,0.695
31,29,Yucatán,Dzilam González,0.684
31,30,Yucatán,Dzitás,0.621
31,31,Yucatán,Dzoncauich,0.601
31,32,Yucatán,Espita,0.609
31,33,Yucatán,Halachó,0.671
31,34,Yucatán,Hocabá,0.644
31,35,Yucatán,Hoctún,0.638
31,36,Yucatán,Homún,0.641
31,37,Yucatán,Huhí,0.612
31,38,Yucatán,Hunucmá,0.682
31,39,Yucatán,Ixil,0.625
31,40,Yucatán,Izamal,0.678
31,41,Yucatán,Kanasín,0.731
31,42,Yucatán,Kantunil,0.623
31,43,Yucatán,Kaua,0.559
31,44,Yucatán,Kinchil,0.636
31,45,Yucatán,Kopomá,0.694
31,46,Yucatán,Mama,0.619
31,47,Yucatán,Maní,0.605
31,48,Yucatán,Maxcanú,0.662
31,49,Yucatán,Mayapán,0.569
31,50,Yucatán,Mérida,0.807
31,51,Yucatán,Mocochá,0.701
31,52,Yucatán,Motul,0.697
31,53,Yucatán,Muna,0.674
31,54,Yucatán,Muxupip,0.676
31,55,Yucatán,Opichén,0.638
31,56,Yucatán,Oxkutzcab,0.634
31,57,Yucatán,Panabá,0.625
31,58,Yucatán,Peto,0.658
31,59,Yucatán,Progreso,0.738
31,60,Yucatán,Quintana Roo,0.61
31,61,Yucatán,Río Lagartos,0.69
31,62,Yucatán,Sacalum,0.662
31,63,Yucatán,Samahil,0.665
31,64,Yucatán,Sanahcat,0.666
31,65,Yucatán,San Felipe,0.7
31,66,Yucatán,Santa Elena,0.626
31,67,Yucatán,Seyé,0.631
31,68,Yucatán,Sinanché,0.665
31,69,Yucatán,Sotuta,0.599
31,70,Yucatán,Sucilá,0.637
31,71,Yucatán,Sudzal,0.627
31,72,Yucatán,Suma,0.683
31,73,Yucatán,Tahdziú,0.494
31,74,Yucatán,Tahmek,0.657
31,75,Yucatán,Teabo,0.61
31,76,Yucatán,Tecoh,0.653
31,77,Yucatán,Tekal de Venegas,0.636
31,78,Yucatán,Tekantó,0.658
31,79,Yucatán,Tekax,0.667
31,80,Yucatán,Tekit,0.613
31,81,Yucatán,Tekom,0.612
31,82,Yucatán,Telchac Pueblo,0.733
31,83,Yucatán,Telchac Puerto,0.648
31,84,Yucatán,Temax,0.641
31,85,Yucatán,Temozón,0.618
31,86,Yucatán,Tepakán,0.632
31,87,Yucatán,Tetiz,0.604
31,88,Yucatán,Teya,0.553
31,89,Yucatán,Ticul,0.726
31,90,Yucatán,Timucuy,0.62
31,91,Yucatán,Tinum,0.637
31,92,Yucatán,Tixcacalcupul,0.579
31,93,Yucatán,Tixkokob,0.728
31,94,Yucatán,Tixmehuac,0.562
31,95,Yucatán,Tixpéhual,0.7
31,96,Yucatán,Tizimín,0.651
31,97,Yucatán,Tunkás,0.64
31,98,Yucatán,Tzucacab,0.63
31,99,Yucatán,Uayma,0.601
31,100,Yucatán,Ucú,0.678
31,101,Yucatán,Umán,0.713
31,102,Yucatán,Valladolid,0.695
31,103,Yucatán,Xocchel,0.613
31,104,Yucatán,Yaxcabá,0.576
31,105,Yucatán,Yaxkukul,0.716
31,106,Yucatán,Yobaín,0.677
32,1,Zacatecas,Apozol,0.66
32,2,Zacatecas,Apulco,0.65
32,3,Zacatecas,Atolinga,0.658
32,4,Zacatecas,Benito Juárez,0.669
32,5,Zacatecas,Calera,0.689
32,6,Zacatecas,Cañitas de Felipe Pescador,0.701
32,7,Zacatecas,Concepción del Oro,0.709
32,8,Zacatecas,Cuauhtémoc,0.641
32,9,Zacatecas,Chalchihuites,0.662
32,10,Zacatecas,Fresnillo,0.728
32,11,Zacatecas,Trinidad García de la Cadena,0.674
32,12,Zacatecas,Genaro Codina,0.629
32,13,Zacatecas,General Enrique Estrada,0.686
32,14,Zacatecas,General Francisco R. Murguía,0.662
32,15,Zacatecas,El Plateado de Joaquín Amaro,0.618
32,16,Zacatecas,General Pánfilo Natera,0.635
32,17,Zacatecas,Guadalupe,0.796
32,18,Zacatecas,Huanusco,0.677
32,19,Zacatecas,Jalpa,0.706
32,20,Zacatecas,Jerez,0.716
32,21,Zacatecas,Jiménez del Teul,0.616
32,22,Zacatecas,Juan Aldama,0.687
32,23,Zacatecas,Juchipila,0.727
32,24,Zacatecas,Loreto,0.713
32,25,Zacatecas,Luis Moya,0.649
32,26,Zacatecas,Mazapil,0.643
32,27,Zacatecas,Melchor Ocampo,0.621
32,28,Zacatecas,Mezquital del Oro,0.656
32,29,Zacatecas,Miguel Auza,0.641
32,30,Zacatecas,Momax,0.672
32,31,Zacatecas,Monte Escobedo,0.665
32,32,Zacatecas,Morelos,0.733
32,33,Zacatecas,Moyahua de Estrada,0.674
32,34,Zacatecas,Nochistlán de Mejía,0.697
32,35,Zacatecas,Noria de Ángeles,0.651
32,36,Zacatecas,Ojocaliente,0.676
32,37,Zacatecas,Pánuco,0.651
32,38,Zacatecas,Pinos,0.648
32,39,Zacatecas,Río Grande,0.711
32,40,Zacatecas,Sain Alto,0.641
32,41,Zacatecas,El Salvador,0.621
32,42,Zacatecas,Sombrerete,0.679
32,43,Zacatecas,Susticacán,0.642
32,44,Zacatecas,Tabasco,0.676
32,45,Zacatecas,Tepechitlán,0.666
32,46,Zacatecas,Tepetongo,0.643
32,47,Zacatecas,Teúl de González Ortega,0.707
32,48,Zacatecas,Tlaltenango de Sánchez Román,0.682
32,49,Zacatecas,Valparaíso,0.666
32,50,Zacatecas,Vetagrande,0.676
32,51,Zacatecas,Villa de Cos,0.644
32,52,Zacatecas,Villa García,0.697
32,53,Zacatecas,Villa González Ortega,0.673
32,54,Zacatecas,Villa Hidalgo,0.644
32,55,Zacatecas,Villanueva,0.677
32,56,Zacatecas,Zacatecas,0.83
32,57,Zacatecas,Trancoso,0.674
32,58,Zacatecas,Santa María de la Paz,0.669
